Date,Time,Room,Temperature (°C),Humidity (%),Light (lux),Motion
23/2/2026,08:32:02,Bedroom,26.9,82.4,6.15,Not Detected
23/2/2026,08:31:54,Living Room,27,82.5,10.09,Not Detected
23/2/2026,08:30:59,Living Room,27,82.5,10.26,Not Detected
23/2/2026,08:30:57,Bedroom,26.9,82.4,6.37,Not Detected
23/2/2026,08:27:59,Living Room,27,82.6,10.16,Not Detected
23/2/2026,08:27:58,Bedroom,26.9,82.4,6.45,Not Detected
23/2/2026,08:27:02,Bedroom,26.8,82.4,6.47,Not Detected
23/2/2026,08:26:54,Living Room,27.1,82.6,10.06,Not Detected
23/2/2026,08:25:59,Living Room,27,82.6,10.09,Not Detected
23/2/2026,08:25:57,Bedroom,26.9,82.5,6.25,Not Detected
23/2/2026,08:25:03,Living Room,27,82.5,10.09,Not Detected
23/2/2026,08:25:02,Bedroom,26.9,82.5,6.37,Not Detected
23/2/2026,08:23:58,Living Room,27,82.5,10.01,Not Detected
23/2/2026,08:23:57,Bedroom,26.9,82.4,6.3,Not Detected
23/2/2026,08:23:02,Living Room,27,82.5,10.06,Not Detected
23/2/2026,08:23:01,Bedroom,26.9,82.4,6.18,Not Detected
23/2/2026,08:21:01,Bedroom,26.9,82.4,6.45,Not Detected
23/2/2026,08:20:53,Living Room,27,82.5,10.18,Not Detected
23/2/2026,08:20:07,Living Room,27,82.5,10.06,Not Detected
23/2/2026,08:20:06,Bedroom,26.9,82.4,6.32,Not Detected
23/2/2026,08:18:59,Living Room,27,82.4,10.09,Not Detected
23/2/2026,08:18:58,Bedroom,26.9,82.4,6.28,Not Detected
23/2/2026,08:18:03,Bedroom,26.9,82.4,6.25,Not Detected
23/2/2026,08:17:55,Living Room,27,82.5,10.06,Not Detected
23/2/2026,08:17:00,Living Room,27,82.5,10.01,Not Detected
23/2/2026,08:16:58,Bedroom,26.9,82.4,6.3,Not Detected
23/2/2026,08:15:55,Living Room,27,82.5,10.18,Not Detected
23/2/2026,08:15:54,Bedroom,26.9,82.4,6.3,Not Detected
23/2/2026,08:15:07,Bedroom,26.9,82.3,6.37,Not Detected
23/2/2026,08:14:59,Living Room,27,82.5,9.99,Not Detected
23/2/2026,08:14:02,Bedroom,26.9,82.4,6.35,Not Detected
23/2/2026,08:13:54,Living Room,27,82.5,10.16,Not Detected
23/2/2026,08:12:59,Living Room,27,82.5,9.99,Not Detected
23/2/2026,08:12:58,Bedroom,26.9,82.3,6.3,Not Detected
23/2/2026,08:12:02,Bedroom,26.9,82.4,6.3,Not Detected
23/2/2026,08:11:54,Living Room,27,82.5,10.16,Not Detected
23/2/2026,08:10:59,Living Room,27,82.5,10.11,Not Detected
23/2/2026,08:10:58,Bedroom,26.9,82.4,6.25,Not Detected
23/2/2026,08:10:03,Living Room,27,82.5,10.01,Not Detected
23/2/2026,08:10:02,Bedroom,26.9,82.4,6.25,Not Detected
23/2/2026,08:08:59,Living Room,27,82.5,9.99,Not Detected
23/2/2026,08:08:58,Bedroom,26.8,82.3,6.25,Not Detected
23/2/2026,08:08:01,Living Room,27,82.5,10.13,Not Detected
23/2/2026,08:08:00,Bedroom,26.9,82.3,6.45,Not Detected
23/2/2026,08:06:56,Living Room,27,82.4,10.01,Not Detected
23/2/2026,08:06:54,Bedroom,26.9,82.3,6.3,Not Detected
23/2/2026,08:06:00,Living Room,27,82.5,9.91,Not Detected
23/2/2026,08:05:59,Bedroom,26.8,82.3,6.25,Not Detected
23/2/2026,08:05:03,Bedroom,26.9,82.3,6.37,Not Detected
23/2/2026,08:04:55,Living Room,27,82.4,10.06,Not Detected
23/2/2026,08:04:00,Living Room,27,82.4,10.01,Not Detected
23/2/2026,08:03:59,Bedroom,26.8,82.3,6.35,Not Detected
23/2/2026,08:02:55,Living Room,27,82.4,10.04,Not Detected
23/2/2026,08:02:54,Bedroom,26.8,82.3,6.2,Not Detected
23/2/2026,08:02:00,Living Room,27,82.4,10.26,Not Detected
23/2/2026,08:01:58,Bedroom,26.8,82.3,6.32,Not Detected
23/2/2026,08:00:55,Living Room,27,82.4,10.01,Not Detected
23/2/2026,08:00:53,Bedroom,26.8,82.3,6.35,Not Detected
23/2/2026,08:00:09,Living Room,27,82.4,10.11,Not Detected
23/2/2026,08:00:08,Bedroom,26.8,82.3,6.37,Not Detected
23/2/2026,07:59:02,Living Room,27,82.4,10.11,Not Detected
23/2/2026,07:59:01,Bedroom,26.8,82.3,6.45,Not Detected
23/2/2026,07:56:59,Living Room,27,82.3,9.84,Not Detected
23/2/2026,07:56:58,Bedroom,26.8,82.2,6.3,Not Detected
23/2/2026,07:56:02,Bedroom,26.9,82.3,6.5,Not Detected
23/2/2026,07:55:54,Living Room,27,82.3,10.16,Not Detected
23/2/2026,07:54:58,Living Room,27,82.3,9.84,Not Detected
23/2/2026,07:54:57,Bedroom,26.9,82.3,6.3,Not Detected
23/2/2026,07:54:02,Bedroom,26.8,82.2,6.3,Not Detected
23/2/2026,07:53:54,Living Room,27,82.3,9.96,Not Detected
23/2/2026,07:52:59,Living Room,27,82.4,10.01,Not Detected
23/2/2026,07:52:58,Bedroom,26.8,82.3,6.28,Not Detected
23/2/2026,07:52:03,Bedroom,26.8,82.2,6.52,Not Detected
23/2/2026,07:51:55,Living Room,27,82.3,10.18,Not Detected
23/2/2026,07:51:00,Living Room,27,82.3,10.01,Not Detected
23/2/2026,07:50:59,Bedroom,26.8,82.2,6.45,Not Detected
23/2/2026,07:50:05,Living Room,27,82.3,10.09,Not Detected
23/2/2026,07:50:03,Bedroom,26.9,82.2,6.25,Not Detected
23/2/2026,07:49:00,Living Room,27,82.4,10.06,Not Detected
23/2/2026,07:48:59,Bedroom,26.8,82.2,6.11,Not Detected
23/2/2026,07:47:56,Living Room,27,82.4,10.06,Not Detected
23/2/2026,07:47:54,Bedroom,26.9,82.2,6.54,Not Detected
23/2/2026,07:47:00,Living Room,27,82.3,9.96,Not Detected
23/2/2026,07:46:59,Bedroom,26.8,82.2,6.28,Not Detected
23/2/2026,07:45:56,Living Room,27,82.3,9.89,Not Detected
23/2/2026,07:45:55,Bedroom,26.9,82.2,6.35,Not Detected
23/2/2026,07:44:58,Living Room,27,82.3,10.06,Not Detected
23/2/2026,07:44:56,Bedroom,26.8,82.2,6.37,Not Detected
23/2/2026,07:44:02,Living Room,27,82.3,9.94,Not Detected
23/2/2026,07:44:01,Bedroom,26.9,82.2,6.25,Not Detected
23/2/2026,07:42:57,Living Room,27,82.3,10.01,Not Detected
23/2/2026,07:42:56,Bedroom,26.9,82.2,6.3,Not Detected
23/2/2026,07:42:02,Living Room,27,82.3,10.11,Not Detected
23/2/2026,07:42:00,Bedroom,26.8,82.2,6.35,Not Detected
23/2/2026,07:40:01,Living Room,27,82.3,9.96,Not Detected
23/2/2026,07:39:59,Bedroom,26.9,82.2,6.18,Not Detected
23/2/2026,07:38:56,Living Room,27,82.3,10.09,Not Detected
23/2/2026,07:38:54,Bedroom,26.9,82.2,6.2,Not Detected
23/2/2026,07:38:00,Living Room,27,82.3,10.01,Not Detected
23/2/2026,07:37:59,Bedroom,26.9,82.2,6.37,Not Detected
23/2/2026,07:36:55,Living Room,27,82.3,10.16,Not Detected
23/2/2026,07:36:54,Bedroom,26.9,82.2,6.28,Not Detected
23/2/2026,07:36:00,Living Room,27,82.3,10.01,Not Detected
23/2/2026,07:35:58,Bedroom,26.9,82.3,6.25,Not Detected
23/2/2026,07:35:04,Living Room,27,82.3,9.82,Not Detected
23/2/2026,07:35:03,Bedroom,26.9,82.2,6.4,Not Detected
23/2/2026,07:34:00,Living Room,27,82.3,9.96,Not Detected
23/2/2026,07:33:58,Bedroom,26.9,82.3,6.47,Not Detected
23/2/2026,07:32:55,Living Room,27,82.3,10.09,Not Detected
23/2/2026,07:32:54,Bedroom,26.9,82.3,6.35,Not Detected
23/2/2026,07:32:00,Living Room,27,82.4,10.06,Not Detected
23/2/2026,07:31:58,Bedroom,26.9,82.2,6.08,Not Detected
23/2/2026,07:30:55,Living Room,27,82.4,10.06,Not Detected
23/2/2026,07:30:53,Bedroom,26.9,82.3,6.28,Not Detected
23/2/2026,07:28:54,Living Room,27,82.4,10.01,Not Detected
23/2/2026,07:28:53,Bedroom,26.9,82.3,6.32,Not Detected
23/2/2026,07:27:59,Living Room,27,82.4,9.82,Not Detected
23/2/2026,07:27:58,Bedroom,26.9,82.3,6.35,Not Detected
23/2/2026,07:26:54,Living Room,27,82.4,9.99,Not Detected
23/2/2026,07:26:53,Bedroom,26.8,82.3,6.37,Not Detected
23/2/2026,07:25:57,Living Room,27,82.4,10.09,Not Detected
23/2/2026,07:25:56,Bedroom,26.9,82.3,6.2,Not Detected
23/2/2026,07:25:03,Living Room,27,82.4,10.13,Not Detected
23/2/2026,07:25:01,Bedroom,26.8,82.3,6.25,Not Detected
23/2/2026,07:23:02,Bedroom,26.9,82.4,6.3,Not Detected
23/2/2026,07:22:54,Living Room,27,82.4,9.96,Not Detected
23/2/2026,07:21:59,Living Room,27,82.4,9.89,Not Detected
23/2/2026,07:21:57,Bedroom,26.9,82.3,6.25,Not Detected
23/2/2026,07:21:00,Living Room,27,82.5,9.91,Not Detected
23/2/2026,07:20:59,Bedroom,26.9,82.3,6.28,Not Detected
23/2/2026,07:20:05,Living Room,27,82.4,10.06,Not Detected
23/2/2026,07:20:03,Bedroom,26.9,82.3,6.23,Not Detected
23/2/2026,07:19:00,Living Room,27.1,82.5,10.13,Not Detected
23/2/2026,07:18:59,Bedroom,26.9,82.4,6.35,Not Detected
23/2/2026,07:17:54,Living Room,27.1,82.5,10.09,Not Detected
23/2/2026,07:17:53,Bedroom,26.9,82.3,6.35,Not Detected
23/2/2026,07:16:59,Living Room,27.1,82.4,10.01,Not Detected
23/2/2026,07:16:58,Bedroom,26.9,82.3,5.96,Not Detected
23/2/2026,07:16:03,Bedroom,26.9,82.3,6.25,Not Detected
23/2/2026,07:15:55,Living Room,27,82.4,9.74,Not Detected
23/2/2026,07:14:59,Living Room,27,82.4,9.96,Not Detected
23/2/2026,07:14:58,Bedroom,26.9,82.3,6.18,Not Detected
23/2/2026,07:13:55,Living Room,27,82.4,10.06,Not Detected
23/2/2026,07:13:54,Bedroom,26.9,82.4,6.35,Not Detected
23/2/2026,07:13:00,Living Room,27.1,82.5,9.84,Not Detected
23/2/2026,07:12:59,Bedroom,26.9,82.4,6.23,Not Detected
23/2/2026,07:12:03,Bedroom,26.9,82.4,6.3,Not Detected
23/2/2026,07:11:55,Living Room,27,82.4,9.99,Not Detected
23/2/2026,07:11:00,Living Room,27,82.5,9.87,Not Detected
23/2/2026,07:10:58,Bedroom,26.9,82.4,6.54,Not Detected
23/2/2026,07:10:04,Living Room,27.1,82.5,9.87,Not Detected
23/2/2026,07:10:03,Bedroom,26.9,82.4,6.06,Not Detected
23/2/2026,07:08:59,Living Room,27,82.5,10.01,Not Detected
23/2/2026,07:08:58,Bedroom,26.9,82.4,6.15,Not Detected
23/2/2026,07:08:03,Bedroom,26.9,82.4,6.25,Not Detected
23/2/2026,07:07:55,Living Room,27,82.5,9.74,Not Detected
23/2/2026,07:07:00,Living Room,27,82.5,9.99,Not Detected
23/2/2026,07:06:58,Bedroom,26.9,82.4,6.32,Not Detected
23/2/2026,07:06:02,Bedroom,26.9,82.4,6.25,Not Detected
23/2/2026,07:05:53,Living Room,27,82.6,9.89,Not Detected
23/2/2026,07:03:01,Bedroom,26.9,82.4,6.06,Not Detected
23/2/2026,07:02:46,Living Room,27,82.5,9.91,Not Detected
23/2/2026,07:00:03,Living Room,27,82.5,9.99,Not Detected
23/2/2026,07:00:00,Bedroom,26.8,82.4,6.25,Not Detected
23/2/2026,06:58:02,Bedroom,26.9,82.4,6.3,Not Detected
23/2/2026,06:57:52,Living Room,27,82.5,9.91,Not Detected
23/2/2026,06:56:45,Living Room,27,82.5,9.89,Not Detected
23/2/2026,06:56:44,Bedroom,26.9,82.4,6.35,Not Detected
23/2/2026,06:54:03,Bedroom,26.9,82.4,6.25,Not Detected
23/2/2026,06:53:50,Living Room,27.1,82.6,10.09,Not Detected
23/2/2026,06:53:00,Bedroom,26.9,82.4,6.4,Not Detected
23/2/2026,06:52:48,Living Room,27.1,82.5,10.09,Not Detected
23/2/2026,06:52:01,Living Room,27,82.5,9.91,Not Detected
23/2/2026,06:52:00,Bedroom,26.9,82.4,6.25,Not Detected
23/2/2026,06:51:00,Bedroom,26.9,82.4,6.37,Not Detected
23/2/2026,06:50:51,Living Room,27,82.5,9.89,Not Detected
23/2/2026,06:50:05,Living Room,27,82.5,9.96,Not Detected
23/2/2026,06:50:04,Bedroom,26.9,82.4,6.25,Not Detected
23/2/2026,06:49:01,Living Room,27.1,82.5,9.74,Not Detected
23/2/2026,06:48:59,Bedroom,26.9,82.4,6.35,Not Detected
23/2/2026,06:48:03,Bedroom,26.9,82.4,6.13,Not Detected
23/2/2026,06:47:55,Living Room,27.1,82.5,9.96,Not Detected
23/2/2026,06:47:00,Living Room,27.1,82.5,9.67,Not Detected
23/2/2026,06:46:58,Bedroom,26.9,82.4,6.2,Not Detected
23/2/2026,06:45:55,Living Room,27.1,82.5,9.74,Not Detected
23/2/2026,06:45:54,Bedroom,26.9,82.4,6.37,Not Detected
23/2/2026,06:45:00,Living Room,27.1,82.5,9.96,Not Detected
23/2/2026,06:44:58,Bedroom,26.9,82.4,5.98,Not Detected
23/2/2026,06:44:03,Living Room,27,82.5,9.77,Not Detected
23/2/2026,06:44:02,Bedroom,26.9,82.4,6.18,Not Detected
23/2/2026,06:42:59,Living Room,27,82.6,9.79,Not Detected
23/2/2026,06:42:58,Bedroom,26.9,82.4,6.18,Not Detected
23/2/2026,06:41:55,Living Room,27.1,82.5,9.99,Not Detected
23/2/2026,06:41:54,Bedroom,26.9,82.4,6.25,Not Detected
23/2/2026,06:40:59,Living Room,27.1,82.5,10.06,Not Detected
23/2/2026,06:40:58,Bedroom,26.9,82.4,6.2,Not Detected
23/2/2026,06:40:04,Living Room,27.1,82.5,10.04,Not Detected
23/2/2026,06:40:03,Bedroom,26.9,82.4,6.2,Not Detected
23/2/2026,06:38:59,Living Room,27.1,82.5,9.96,Not Detected
23/2/2026,06:38:58,Bedroom,26.9,82.4,6.18,Not Detected
23/2/2026,06:38:03,Bedroom,26.9,82.4,6.11,Not Detected
23/2/2026,06:37:55,Living Room,27.1,82.5,9.69,Not Detected
23/2/2026,06:36:59,Living Room,27.1,82.5,9.82,Not Detected
23/2/2026,06:36:58,Bedroom,26.9,82.4,6.2,Not Detected
23/2/2026,06:36:02,Living Room,27.1,82.5,9.89,Not Detected
23/2/2026,06:36:00,Bedroom,26.9,82.4,6.25,Not Detected
23/2/2026,06:34:57,Living Room,27.1,82.5,9.87,Not Detected
23/2/2026,06:34:55,Bedroom,26.9,82.4,6.15,Not Detected
23/2/2026,06:33:02,Bedroom,26.9,82.3,5.96,Not Detected
23/2/2026,06:32:54,Living Room,27.1,82.4,9.74,Not Detected
23/2/2026,06:30:59,Living Room,27.1,82.5,10.06,Not Detected
23/2/2026,06:30:57,Bedroom,26.9,82.4,6.25,Not Detected
23/2/2026,06:30:12,Living Room,27.1,82.5,9.72,Not Detected
23/2/2026,06:30:11,Bedroom,26.9,82.4,6.08,Not Detected
23/2/2026,06:28:55,Living Room,27.1,82.4,9.79,Not Detected
23/2/2026,06:28:54,Bedroom,26.9,82.4,6.15,Not Detected
23/2/2026,06:27:59,Living Room,27.1,82.4,9.74,Not Detected
23/2/2026,06:27:58,Bedroom,26.9,82.3,6.2,Not Detected
23/2/2026,06:27:02,Living Room,27.1,82.4,9.77,Not Detected
23/2/2026,06:27:01,Bedroom,26.9,82.4,6.08,Not Detected
23/2/2026,06:25:02,Living Room,27.1,82.4,9.77,Not Detected
23/2/2026,06:25:01,Bedroom,26.9,82.4,6.11,Not Detected
23/2/2026,06:23:57,Living Room,27.1,82.5,9.69,Not Detected
23/2/2026,06:23:56,Bedroom,26.9,82.3,6.18,Not Detected
23/2/2026,06:22:59,Living Room,27.1,82.5,9.77,Not Detected
23/2/2026,06:22:58,Bedroom,26.9,82.4,6.15,Not Detected
23/2/2026,06:21:56,Living Room,27.1,82.5,9.74,Not Detected
23/2/2026,06:21:54,Bedroom,26.9,82.3,6.13,Not Detected
23/2/2026,06:21:00,Living Room,27.1,82.4,9.67,Not Detected
23/2/2026,06:20:59,Bedroom,26.9,82.3,6.2,Not Detected
23/2/2026,06:20:05,Living Room,27.1,82.4,9.82,Not Detected
23/2/2026,06:20:03,Bedroom,26.9,82.3,6.08,Not Detected
23/2/2026,06:19:01,Living Room,27.1,82.4,9.82,Not Detected
23/2/2026,06:18:59,Bedroom,26.9,82.4,6.15,Not Detected
23/2/2026,06:17:56,Living Room,27.1,82.4,9.72,Not Detected
23/2/2026,06:17:55,Bedroom,26.9,82.4,6.13,Not Detected
23/2/2026,06:17:01,Living Room,27.1,82.4,9.99,Not Detected
23/2/2026,06:17:00,Bedroom,26.9,82.4,6.15,Not Detected
23/2/2026,06:15:57,Living Room,27.1,82.5,9.74,Not Detected
23/2/2026,06:15:56,Bedroom,26.9,82.4,6.18,Not Detected
23/2/2026,06:13:01,Bedroom,26.9,82.3,6.25,Not Detected
23/2/2026,06:12:53,Living Room,27.1,82.5,9.77,Not Detected
23/2/2026,06:11:57,Living Room,27.1,82.5,9.87,Not Detected
23/2/2026,06:11:56,Bedroom,26.9,82.4,6.23,Not Detected
23/2/2026,06:11:01,Bedroom,26.9,82.3,6.25,Not Detected
23/2/2026,06:10:53,Living Room,27.1,82.5,9.87,Not Detected
23/2/2026,06:10:07,Living Room,27.1,82.5,9.82,Not Detected
23/2/2026,06:10:06,Bedroom,26.9,82.4,6.06,Not Detected
23/2/2026,06:09:02,Living Room,27.1,82.5,9.79,Not Detected
23/2/2026,06:09:01,Bedroom,26.9,82.4,6.2,Not Detected
23/2/2026,06:07:01,Bedroom,26.9,82.4,6.25,Not Detected
23/2/2026,06:06:53,Living Room,27.1,82.5,9.96,Not Detected
23/2/2026,06:05:02,Living Room,27.1,82.5,9.82,Not Detected
23/2/2026,06:05:01,Bedroom,26.9,82.4,6.08,Not Detected
23/2/2026,06:03:02,Bedroom,26.9,82.4,6.15,Not Detected
23/2/2026,06:02:54,Living Room,27.1,82.5,9.96,Not Detected
23/2/2026,06:01:58,Living Room,27.1,82.5,9.79,Not Detected
23/2/2026,06:01:57,Bedroom,26.9,82.4,6.01,Not Detected
23/2/2026,06:01:02,Bedroom,26.9,82.4,6.11,Not Detected
23/2/2026,06:00:54,Living Room,27.1,82.5,9.77,Not Detected
23/2/2026,06:00:08,Living Room,27.1,82.5,9.67,Not Detected
23/2/2026,06:00:07,Bedroom,26.9,82.4,6.18,Not Detected
23/2/2026,05:58:55,Living Room,27.1,82.5,9.77,Not Detected
23/2/2026,05:58:54,Bedroom,26.9,82.4,5.98,Not Detected
23/2/2026,05:58:00,Living Room,27.1,82.5,9.74,Not Detected
23/2/2026,05:57:59,Bedroom,27,82.4,6.06,Not Detected
23/2/2026,05:56:56,Living Room,27.1,82.5,9.79,Not Detected
23/2/2026,05:56:54,Bedroom,26.9,82.4,6.28,Not Detected
23/2/2026,05:56:00,Living Room,27.1,82.5,9.77,Not Detected
23/2/2026,05:55:59,Bedroom,26.9,82.4,6.2,Not Detected
23/2/2026,05:55:04,Bedroom,26.9,82.4,6.18,Not Detected
23/2/2026,05:54:56,Living Room,27.1,82.5,9.82,Not Detected
23/2/2026,05:54:01,Living Room,27.1,82.5,9.77,Not Detected
23/2/2026,05:54:00,Bedroom,26.9,82.4,5.96,Not Detected
23/2/2026,05:53:02,Bedroom,26.9,82.4,6.2,Not Detected
23/2/2026,05:52:54,Living Room,27.1,82.5,9.74,Not Detected
23/2/2026,05:51:59,Living Room,27.1,82.5,9.72,Not Detected
23/2/2026,05:51:58,Bedroom,26.9,82.4,6.2,Not Detected
23/2/2026,05:50:55,Living Room,27.1,82.5,9.79,Not Detected
23/2/2026,05:50:53,Bedroom,26.9,82.4,6.2,Not Detected
23/2/2026,05:50:00,Living Room,27.1,82.5,9.67,Not Detected
23/2/2026,05:49:59,Bedroom,27,82.5,6.2,Not Detected
23/2/2026,05:48:56,Living Room,27.1,82.6,9.77,Not Detected
23/2/2026,05:48:54,Bedroom,26.9,82.4,6.2,Not Detected
23/2/2026,05:48:00,Living Room,27.1,82.6,9.74,Not Detected
23/2/2026,05:47:59,Bedroom,27,82.5,6.35,Not Detected
23/2/2026,05:46:56,Living Room,27.1,82.6,9.82,Not Detected
23/2/2026,05:46:55,Bedroom,27,82.4,6.11,Not Detected
23/2/2026,05:46:01,Living Room,27.1,82.6,9.74,Not Detected
23/2/2026,05:45:59,Bedroom,27,82.4,6.11,Not Detected
23/2/2026,05:45:05,Living Room,27.1,82.6,9.72,Not Detected
23/2/2026,05:45:04,Bedroom,26.9,82.4,6.3,Not Detected
23/2/2026,05:44:00,Living Room,27.1,82.6,9.72,Not Detected
23/2/2026,05:43:59,Bedroom,27,82.4,5.86,Not Detected
23/2/2026,05:43:02,Bedroom,27,82.4,6.08,Not Detected
23/2/2026,05:42:54,Living Room,27.1,82.6,9.74,Not Detected
23/2/2026,05:41:59,Living Room,27.1,82.6,9.74,Not Detected
23/2/2026,05:41:58,Bedroom,26.9,82.4,6.13,Not Detected
23/2/2026,05:40:55,Living Room,27.1,82.6,9.77,Not Detected
23/2/2026,05:40:54,Bedroom,27,82.5,6.23,Not Detected
23/2/2026,05:40:09,Living Room,27.1,82.6,9.72,Not Detected
23/2/2026,05:40:08,Bedroom,27,82.5,6.11,Not Detected
23/2/2026,05:39:02,Bedroom,27,82.5,6.18,Not Detected
23/2/2026,05:38:55,Living Room,27.1,82.7,9.67,Not Detected
23/2/2026,05:38:00,Living Room,27.1,82.7,9.74,Not Detected
23/2/2026,05:37:58,Bedroom,27,82.5,6.15,Not Detected
23/2/2026,05:36:55,Living Room,27.1,82.7,9.74,Not Detected
23/2/2026,05:36:54,Bedroom,27,82.5,6.3,Not Detected
23/2/2026,05:36:00,Living Room,27.1,82.7,9.74,Not Detected
23/2/2026,05:35:59,Bedroom,27,82.5,6.01,Not Detected
23/2/2026,05:35:05,Living Room,27.1,82.7,9.69,Not Detected
23/2/2026,05:35:04,Bedroom,26.9,82.5,6.06,Not Detected
23/2/2026,05:34:01,Living Room,27.1,82.7,9.79,Not Detected
23/2/2026,05:33:59,Bedroom,26.9,82.6,6.01,Not Detected
23/2/2026,05:33:03,Living Room,27.1,82.7,9.67,Not Detected
23/2/2026,05:33:02,Bedroom,26.9,82.6,6.13,Not Detected
23/2/2026,05:31:00,Living Room,27.1,82.8,9.74,Not Detected
23/2/2026,05:30:59,Bedroom,26.9,82.6,5.93,Not Detected
23/2/2026,05:30:23,Living Room,27.1,82.8,9.74,Not Detected
23/2/2026,05:30:21,Bedroom,27,82.7,5.93,Not Detected
23/2/2026,05:28:02,Living Room,27.1,82.8,9.69,Not Detected
23/2/2026,05:28:01,Bedroom,27,82.7,6.06,Not Detected
23/2/2026,05:27:03,Living Room,27.2,82.8,9.74,Not Detected
23/2/2026,05:27:01,Bedroom,27,82.7,6.18,Not Detected
23/2/2026,05:25:57,Living Room,27.1,82.8,9.74,Not Detected
23/2/2026,05:25:56,Bedroom,27,82.7,5.89,Not Detected
23/2/2026,05:25:02,Living Room,27.1,82.8,9.62,Not Detected
23/2/2026,05:25:01,Bedroom,27,82.6,6.11,Not Detected
23/2/2026,05:23:56,Living Room,27.1,82.9,9.74,Not Detected
23/2/2026,05:23:55,Bedroom,27,82.6,5.96,Not Detected
23/2/2026,05:22:02,Living Room,27.1,82.9,10.11,Not Detected
23/2/2026,05:22:01,Bedroom,26.9,82.9,6.25,Not Detected
23/2/2026,05:20:58,Living Room,27.1,82.9,10.06,Not Detected
23/2/2026,05:20:57,Bedroom,26.9,82.8,6.25,Not Detected
23/2/2026,05:18:58,Living Room,27.1,82.9,10.21,Not Detected
23/2/2026,05:18:57,Bedroom,26.9,82.8,6.3,Not Detected
23/2/2026,05:18:02,Bedroom,26.9,82.9,6.28,Not Detected
23/2/2026,05:17:54,Living Room,27.1,82.9,9.91,Not Detected
23/2/2026,05:16:59,Living Room,27.1,83,10.13,Not Detected
23/2/2026,05:16:58,Bedroom,26.9,82.8,6.35,Not Detected
23/2/2026,05:16:03,Bedroom,26.9,82.9,6.42,Not Detected
23/2/2026,05:15:55,Living Room,27.1,82.9,10.06,Not Detected
23/2/2026,05:14:59,Living Room,27.1,82.9,10.11,Not Detected
23/2/2026,05:14:58,Bedroom,26.9,82.9,6.25,Not Detected
23/2/2026,05:14:03,Bedroom,26.9,82.9,6.25,Not Detected
23/2/2026,05:13:55,Living Room,27.1,82.9,10.16,Not Detected
23/2/2026,05:13:00,Living Room,27.1,82.9,10.18,Not Detected
23/2/2026,05:12:59,Bedroom,26.9,82.9,6.28,Not Detected
23/2/2026,05:11:56,Living Room,27.1,83,10.18,Not Detected
23/2/2026,05:11:55,Bedroom,26.9,82.9,6.28,Not Detected
23/2/2026,05:11:01,Living Room,27.1,83,10.21,Not Detected
23/2/2026,05:11:00,Bedroom,26.9,82.9,6.45,Not Detected
23/2/2026,05:10:06,Living Room,27.1,83,10.11,Not Detected
23/2/2026,05:10:04,Bedroom,26.9,82.9,6.25,Not Detected
23/2/2026,05:09:01,Living Room,27.1,83,10.01,Not Detected
23/2/2026,05:09:00,Bedroom,26.9,83,6.15,Not Detected
23/2/2026,05:07:00,Bedroom,26.9,83,6.23,Not Detected
23/2/2026,05:06:52,Living Room,27.1,83,10.13,Not Detected
23/2/2026,05:05:02,Living Room,27.1,83.1,10.16,Not Detected
23/2/2026,05:05:01,Bedroom,26.9,83,6.28,Not Detected
23/2/2026,05:03:02,Living Room,27.1,83,10.13,Not Detected
23/2/2026,05:03:00,Bedroom,27,83,6.23,Not Detected
23/2/2026,05:01:02,Living Room,27.1,83.1,9.99,Not Detected
23/2/2026,05:01:00,Bedroom,26.9,83,6.25,Not Detected
23/2/2026,04:59:01,Living Room,27.1,83.2,10.09,Not Detected
23/2/2026,04:59:00,Bedroom,26.9,83.1,6.25,Not Detected
23/2/2026,04:57:02,Living Room,27.1,83.2,10.21,Not Detected
23/2/2026,04:57:01,Bedroom,26.9,83.1,6.18,Not Detected
23/2/2026,04:55:02,Living Room,27.1,83.2,10.11,Not Detected
23/2/2026,04:55:01,Bedroom,26.9,83.1,6.25,Not Detected
23/2/2026,04:53:01,Bedroom,26.9,83.1,6.06,Not Detected
23/2/2026,04:52:53,Living Room,27.1,83.2,10.13,Not Detected
23/2/2026,04:51:58,Living Room,27.1,83.2,10.11,Not Detected
23/2/2026,04:51:57,Bedroom,27,83.1,6.15,Not Detected
23/2/2026,04:51:01,Bedroom,27,83.1,6.18,Not Detected
23/2/2026,04:50:53,Living Room,27.1,83.2,10.01,Not Detected
23/2/2026,04:49:58,Living Room,27.1,83.2,10.26,Not Detected
23/2/2026,04:49:56,Bedroom,27,83.2,6.15,Not Detected
23/2/2026,04:49:01,Bedroom,27,83.1,6.3,Not Detected
23/2/2026,04:48:53,Living Room,27.1,83.2,9.99,Not Detected
23/2/2026,04:46:54,Living Room,27.1,83.2,10.09,Not Detected
23/2/2026,04:46:53,Bedroom,27,83.2,6.23,Not Detected
23/2/2026,04:45:59,Living Room,27.1,83.2,10.11,Not Detected
23/2/2026,04:45:57,Bedroom,27,83.2,6.2,Not Detected
23/2/2026,04:45:04,Living Room,27.2,83.2,9.99,Not Detected
23/2/2026,04:45:02,Bedroom,27,83.2,6.3,Not Detected
23/2/2026,04:44:00,Living Room,27.2,83.2,10.01,Not Detected
23/2/2026,04:43:58,Bedroom,27,83.3,6.2,Not Detected
23/2/2026,04:42:55,Living Room,27.2,83.3,9.84,Not Detected
23/2/2026,04:42:54,Bedroom,27,83.2,6.23,Not Detected
23/2/2026,04:42:00,Living Room,27.2,83.3,10.09,Not Detected
23/2/2026,04:41:59,Bedroom,27,83.3,6.2,Not Detected
23/2/2026,04:40:55,Living Room,27.2,83.3,10.06,Not Detected
23/2/2026,04:40:54,Bedroom,27,83.3,6.08,Not Detected
23/2/2026,04:40:00,Living Room,27.2,83.3,10.06,Not Detected
23/2/2026,04:39:59,Bedroom,27,83.3,6.18,Not Detected
23/2/2026,04:38:00,Living Room,27.2,83.3,10.18,Not Detected
23/2/2026,04:37:59,Bedroom,27,83.3,6.06,Not Detected
23/2/2026,04:36:56,Living Room,27.2,83.3,10.18,Not Detected
23/2/2026,04:36:55,Bedroom,27,83.3,6.37,Not Detected
23/2/2026,04:36:01,Living Room,27.2,83.3,10.09,Not Detected
23/2/2026,04:35:59,Bedroom,27,83.3,6.25,Not Detected
23/2/2026,04:35:04,Bedroom,27,83.2,6.13,Not Detected
23/2/2026,04:34:56,Living Room,27.2,83.3,10.26,Not Detected
23/2/2026,04:34:01,Living Room,27.2,83.3,10.16,Not Detected
23/2/2026,04:34:00,Bedroom,27,83.2,6.2,Not Detected
23/2/2026,04:32:01,Living Room,27.2,83.2,10.06,Not Detected
23/2/2026,04:32:00,Bedroom,27,83.2,6.25,Not Detected
23/2/2026,04:28:02,Living Room,27.2,83.2,10.06,Not Detected
23/2/2026,04:28:01,Bedroom,27,83.2,6.23,Not Detected
23/2/2026,04:26:58,Living Room,27.2,83.2,10.16,Not Detected
23/2/2026,04:26:57,Bedroom,27,83.2,6.13,Not Detected
23/2/2026,04:26:03,Bedroom,27,83.1,6.2,Not Detected
23/2/2026,04:25:55,Living Room,27.1,83.2,10.06,Not Detected
23/2/2026,04:25:00,Living Room,27.2,83.2,9.87,Not Detected
23/2/2026,04:24:58,Bedroom,27,83.1,6.2,Not Detected
23/2/2026,04:23:56,Living Room,27.2,83.2,10.04,Not Detected
23/2/2026,04:23:55,Bedroom,27,83.1,6.28,Not Detected
23/2/2026,04:23:00,Living Room,27.1,83.1,10.11,Not Detected
23/2/2026,04:22:59,Bedroom,27,83.1,6.18,Not Detected
23/2/2026,04:21:57,Living Room,27.2,83.1,10.09,Not Detected
23/2/2026,04:21:55,Bedroom,27,83.2,6.25,Not Detected
23/2/2026,04:21:01,Bedroom,27,83.1,6.2,Not Detected
23/2/2026,04:20:53,Living Room,27.2,83.1,9.87,Not Detected
23/2/2026,04:20:07,Bedroom,27,83.1,6.15,Not Detected
23/2/2026,04:19:59,Living Room,27.2,83.1,10.13,Not Detected
23/2/2026,04:18:55,Living Room,27.1,83.1,10.06,Not Detected
23/2/2026,04:18:54,Bedroom,27,83.1,6.15,Not Detected
23/2/2026,04:18:00,Living Room,27.2,83.1,10.11,Not Detected
23/2/2026,04:17:59,Bedroom,27,83.1,6.25,Not Detected
23/2/2026,04:16:55,Living Room,27.2,83.1,10.09,Not Detected
23/2/2026,04:16:54,Bedroom,27,83,6.25,Not Detected
23/2/2026,04:16:01,Living Room,27.2,83,10.13,Not Detected
23/2/2026,04:16:00,Bedroom,27,83,6.23,Not Detected
23/2/2026,04:15:07,Living Room,27.1,83.1,9.84,Not Detected
23/2/2026,04:15:05,Bedroom,27,83.1,6.25,Not Detected
23/2/2026,04:14:02,Living Room,27.2,83,10.01,Not Detected
23/2/2026,04:14:01,Bedroom,27,83,6.28,Not Detected
23/2/2026,04:12:58,Living Room,27.1,83,10.06,Not Detected
23/2/2026,04:12:57,Bedroom,27,83,5.96,Not Detected
23/2/2026,04:11:55,Living Room,27.2,83,9.82,Not Detected
23/2/2026,04:11:53,Bedroom,27,83,6.28,Not Detected
23/2/2026,04:11:00,Living Room,27.2,83,9.84,Not Detected
23/2/2026,04:10:59,Bedroom,27,83,6.13,Not Detected
23/2/2026,04:10:05,Living Room,27.2,83,10.16,Not Detected
23/2/2026,04:10:04,Bedroom,27,83,6.2,Not Detected
23/2/2026,04:09:01,Living Room,27.2,83,10.11,Not Detected
23/2/2026,04:09:00,Bedroom,27,83,6.15,Not Detected
23/2/2026,04:07:02,Living Room,27.2,83,9.79,Not Detected
23/2/2026,04:07:01,Bedroom,27,83,6.13,Not Detected
23/2/2026,04:05:59,Living Room,27.2,83,10.11,Not Detected
23/2/2026,04:05:58,Bedroom,27,83,6.25,Not Detected
23/2/2026,04:05:03,Bedroom,27,83,6.2,Not Detected
23/2/2026,04:04:55,Living Room,27.2,83,10.04,Not Detected
23/2/2026,04:04:01,Living Room,27.2,83,10.16,Not Detected
23/2/2026,04:03:59,Bedroom,27,83,6.23,Not Detected
23/2/2026,04:02:01,Living Room,27.2,83,9.99,Not Detected
23/2/2026,04:02:00,Bedroom,27,83,6.11,Not Detected
23/2/2026,04:00:03,Living Room,27.2,83,9.99,Not Detected
23/2/2026,04:00:01,Bedroom,27,83,6.35,Not Detected
23/2/2026,03:58:59,Living Room,27.2,83.1,10.11,Not Detected
23/2/2026,03:58:58,Bedroom,27,83,5.86,Not Detected
23/2/2026,03:58:03,Bedroom,27,83,6.08,Not Detected
23/2/2026,03:57:55,Living Room,27.2,83.1,10.16,Not Detected
23/2/2026,03:57:01,Living Room,27.2,83.1,10.11,Not Detected
23/2/2026,03:57:00,Bedroom,27,83,6.25,Not Detected
23/2/2026,03:55:02,Living Room,27.2,83.1,9.96,Not Detected
23/2/2026,03:55:01,Bedroom,27,83.1,6.25,Not Detected
23/2/2026,03:53:02,Bedroom,27,83,6.23,Not Detected
23/2/2026,03:52:55,Living Room,27.2,83,10.01,Not Detected
23/2/2026,03:51:59,Living Room,27.2,83.1,10.01,Not Detected
23/2/2026,03:51:58,Bedroom,27,83,6.13,Not Detected
23/2/2026,03:50:55,Living Room,27.2,83.1,9.96,Not Detected
23/2/2026,03:50:54,Bedroom,27,83,6.3,Not Detected
23/2/2026,03:50:00,Living Room,27.2,83.1,10.06,Not Detected
23/2/2026,03:49:59,Bedroom,27,83,6.08,Not Detected
23/2/2026,03:48:57,Living Room,27.2,83.1,10.06,Not Detected
23/2/2026,03:48:56,Bedroom,27,83.1,6.06,Not Detected
23/2/2026,03:48:02,Living Room,27.2,83.1,10.09,Not Detected
23/2/2026,03:48:01,Bedroom,27,83.1,6.25,Not Detected
23/2/2026,03:46:59,Living Room,27.2,83.1,10.01,Not Detected
23/2/2026,03:46:58,Bedroom,27,83.1,6.25,Not Detected
23/2/2026,03:46:03,Bedroom,27,83.1,6.2,Not Detected
23/2/2026,03:45:55,Living Room,27.2,83.1,10.09,Not Detected
23/2/2026,03:45:00,Living Room,27.2,83.1,10.11,Not Detected
23/2/2026,03:44:59,Bedroom,27,83.1,6.01,Not Detected
23/2/2026,03:43:57,Living Room,27.2,83.2,9.99,Not Detected
23/2/2026,03:43:56,Bedroom,27,83.1,6.06,Not Detected
23/2/2026,03:43:02,Living Room,27.2,83.2,9.87,Not Detected
23/2/2026,03:43:00,Bedroom,27,83.1,6.11,Not Detected
23/2/2026,03:41:57,Living Room,27.2,83.2,10.18,Not Detected
23/2/2026,03:41:56,Bedroom,27,83.1,6.25,Not Detected
23/2/2026,03:41:02,Living Room,27.2,83.1,10.06,Not Detected
23/2/2026,03:41:01,Bedroom,27,83.2,6.25,Not Detected
23/2/2026,03:40:07,Living Room,27.2,83.2,10.01,Not Detected
23/2/2026,03:40:06,Bedroom,27,83.1,6.11,Not Detected
23/2/2026,03:38:54,Living Room,27.2,83.1,9.89,Not Detected
23/2/2026,03:38:53,Bedroom,27,83.2,6.2,Not Detected
23/2/2026,03:37:59,Living Room,27.2,83.2,10.06,Not Detected
23/2/2026,03:37:58,Bedroom,27,83.1,6.32,Not Detected
23/2/2026,03:35:03,Living Room,27.2,83.2,10.11,Not Detected
23/2/2026,03:35:01,Bedroom,27,83.2,6.2,Not Detected
23/2/2026,03:34:00,Living Room,27.2,83.2,10.06,Not Detected
23/2/2026,03:33:59,Bedroom,27,83.2,6.25,Not Detected
23/2/2026,03:32:56,Living Room,27.2,83.1,9.99,Not Detected
23/2/2026,03:32:54,Bedroom,27,83.2,6.28,Not Detected
23/2/2026,03:32:01,Living Room,27.2,83.2,10.06,Not Detected
23/2/2026,03:32:00,Bedroom,27,83.2,6.2,Not Detected
23/2/2026,03:30:11,Living Room,27.2,83.2,9.99,Not Detected
23/2/2026,03:30:10,Bedroom,27,83.2,6.25,Not Detected
23/2/2026,03:28:58,Living Room,27.2,83.2,9.87,Not Detected
23/2/2026,03:28:57,Bedroom,27,83.2,6.25,Not Detected
23/2/2026,03:28:02,Bedroom,27,83.2,6.25,Not Detected
23/2/2026,03:27:54,Living Room,27.2,83.2,10.13,Not Detected
23/2/2026,03:26:59,Living Room,27.2,83.2,10.04,Not Detected
23/2/2026,03:26:58,Bedroom,27,83.2,5.91,Not Detected
23/2/2026,03:26:03,Bedroom,27,83.2,6.3,Not Detected
23/2/2026,03:25:55,Living Room,27.2,83.3,10.13,Not Detected
23/2/2026,03:25:01,Living Room,27.2,83.3,10.06,Not Detected
23/2/2026,03:24:59,Bedroom,27.1,83.2,6.08,Not Detected
23/2/2026,03:23:01,Bedroom,27,83.2,6.15,Not Detected
23/2/2026,03:22:54,Living Room,27.2,83.2,9.96,Not Detected
23/2/2026,03:21:59,Living Room,27.2,83.2,10.01,Not Detected
23/2/2026,03:21:58,Bedroom,27,83.3,6.28,Not Detected
23/2/2026,03:20:55,Living Room,27.2,83.2,10.01,Not Detected
23/2/2026,03:20:54,Bedroom,27,83.3,6.25,Not Detected
23/2/2026,03:20:00,Living Room,27.2,83.2,10.09,Not Detected
23/2/2026,03:19:59,Bedroom,27,83.2,6.11,Not Detected
23/2/2026,03:18:56,Living Room,27.2,83.2,10.09,Not Detected
23/2/2026,03:18:55,Bedroom,27,83.2,6.15,Not Detected
23/2/2026,03:18:01,Living Room,27.2,83.1,9.99,Not Detected
23/2/2026,03:17:59,Bedroom,27,83.2,6.25,Not Detected
23/2/2026,03:16:01,Living Room,27.2,83.1,9.96,Not Detected
23/2/2026,03:16:00,Bedroom,27,83.1,6.2,Not Detected
23/2/2026,03:15:07,Living Room,27.2,83.1,9.96,Not Detected
23/2/2026,03:15:05,Bedroom,27,83.1,6.18,Not Detected
23/2/2026,03:14:01,Living Room,27.2,83.2,10.06,Not Detected
23/2/2026,03:14:00,Bedroom,27,83.1,6.25,Not Detected
23/2/2026,03:12:58,Living Room,27.2,83.1,9.99,Not Detected
23/2/2026,03:12:56,Bedroom,27,83.1,6.06,Not Detected
23/2/2026,03:12:03,Living Room,27.2,83.1,9.87,Not Detected
23/2/2026,03:12:02,Bedroom,27,83.1,6.18,Not Detected
23/2/2026,03:10:59,Living Room,27.2,83.1,9.96,Not Detected
23/2/2026,03:10:58,Bedroom,27,83.1,6.06,Not Detected
23/2/2026,03:10:04,Living Room,27.2,83.1,10.06,Not Detected
23/2/2026,03:10:02,Bedroom,27,83.2,6.15,Not Detected
23/2/2026,03:09:00,Living Room,27.2,83.1,9.87,Not Detected
23/2/2026,03:08:59,Bedroom,27,83.1,5.91,Not Detected
23/2/2026,03:07:56,Living Room,27.2,83,10.06,Not Detected
23/2/2026,03:07:55,Bedroom,27,83.1,6.18,Not Detected
23/2/2026,03:06:58,Living Room,27.2,83.1,9.89,Not Detected
23/2/2026,03:06:57,Bedroom,27,83.1,5.91,Not Detected
23/2/2026,03:06:04,Living Room,27.2,83,9.96,Not Detected
23/2/2026,03:06:02,Bedroom,27,83.1,6.15,Not Detected
23/2/2026,03:04:59,Living Room,27.3,83,9.96,Not Detected
23/2/2026,03:04:57,Bedroom,27,83.1,5.91,Not Detected
23/2/2026,03:04:03,Living Room,27.2,83,9.99,Not Detected
23/2/2026,03:04:01,Bedroom,27,83,6.25,Not Detected
23/2/2026,03:02:59,Living Room,27.2,83,9.96,Not Detected
23/2/2026,03:02:58,Bedroom,27.1,83,6.01,Not Detected
23/2/2026,03:02:02,Bedroom,27.1,83,6.2,Not Detected
23/2/2026,03:01:54,Living Room,27.2,83,9.99,Not Detected
23/2/2026,03:00:58,Living Room,27.2,83,10.04,Not Detected
23/2/2026,03:00:57,Bedroom,27.1,83,6.15,Not Detected
23/2/2026,03:00:03,Living Room,27.2,83,9.99,Not Detected
23/2/2026,03:00:02,Bedroom,27.1,83,6.01,Not Detected
23/2/2026,02:59:00,Living Room,27.2,83,10.09,Not Detected
23/2/2026,02:58:59,Bedroom,27,83,6.08,Not Detected
23/2/2026,02:57:55,Living Room,27.2,83,9.89,Not Detected
23/2/2026,02:57:54,Bedroom,27,83,5.89,Not Detected
23/2/2026,02:57:00,Living Room,27.2,83,9.89,Not Detected
23/2/2026,02:56:59,Bedroom,27,83,6.25,Not Detected
23/2/2026,02:55:56,Living Room,27.2,83.2,9.87,Not Detected
23/2/2026,02:55:55,Bedroom,27.1,83,6.01,Not Detected
23/2/2026,02:55:01,Living Room,27.3,83,10.09,Not Detected
23/2/2026,02:55:00,Bedroom,27.1,83,6.25,Not Detected
23/2/2026,02:53:57,Living Room,27.3,83,10.01,Not Detected
23/2/2026,02:53:56,Bedroom,27.1,83.1,6.18,Not Detected
23/2/2026,02:53:01,Bedroom,27.1,83.1,6.08,Not Detected
23/2/2026,02:52:53,Living Room,27.3,83.1,10.01,Not Detected
23/2/2026,02:51:01,Living Room,27.2,83.1,9.96,Not Detected
23/2/2026,02:51:00,Bedroom,27.1,83.1,6.2,Not Detected
23/2/2026,02:50:06,Living Room,27.3,83.2,10.01,Not Detected
23/2/2026,02:50:05,Bedroom,27.1,83.2,5.86,Not Detected
23/2/2026,02:49:02,Living Room,27.3,83.1,10.09,Not Detected
23/2/2026,02:49:00,Bedroom,27.1,83.1,6.25,Not Detected
23/2/2026,02:47:57,Living Room,27.2,83.1,9.89,Not Detected
23/2/2026,02:47:55,Bedroom,27.1,83.2,6.11,Not Detected
23/2/2026,02:47:02,Living Room,27.2,83.1,9.96,Not Detected
23/2/2026,02:47:01,Bedroom,27.1,83.2,6.08,Not Detected
23/2/2026,02:43:02,Living Room,27.3,83,9.79,Not Detected
23/2/2026,02:43:01,Bedroom,27.1,83.1,6.18,Not Detected
23/2/2026,02:41:02,Living Room,27.3,83,9.99,Not Detected
23/2/2026,02:41:01,Bedroom,27.1,83,6.08,Not Detected
23/2/2026,02:40:07,Living Room,27.3,83,9.96,Not Detected
23/2/2026,02:40:06,Bedroom,27.1,83.1,5.96,Not Detected
23/2/2026,02:38:55,Living Room,27.3,82.9,9.99,Not Detected
23/2/2026,02:38:54,Bedroom,27.1,83,5.98,Not Detected
23/2/2026,02:38:00,Living Room,27.3,83,9.96,Not Detected
23/2/2026,02:37:58,Bedroom,27.1,83,5.98,Not Detected
23/2/2026,02:36:56,Living Room,27.3,82.9,9.96,Not Detected
23/2/2026,02:36:55,Bedroom,27.1,83,6.06,Not Detected
23/2/2026,02:35:58,Living Room,27.3,82.9,9.82,Not Detected
23/2/2026,02:35:57,Bedroom,27.1,83,6.08,Not Detected
23/2/2026,02:35:04,Living Room,27.3,82.9,9.96,Not Detected
23/2/2026,02:35:03,Bedroom,27.1,83,5.96,Not Detected
23/2/2026,02:33:59,Living Room,27.3,82.9,9.87,Not Detected
23/2/2026,02:33:58,Bedroom,27.1,83,6.06,Not Detected
23/2/2026,02:32:59,Living Room,27.3,82.9,9.77,Not Detected
23/2/2026,02:32:58,Bedroom,27.1,83,5.84,Not Detected
23/2/2026,02:32:03,Living Room,27.3,82.9,9.87,Not Detected
23/2/2026,02:32:02,Bedroom,27.1,82.9,6.08,Not Detected
23/2/2026,02:30:58,Living Room,27.3,82.9,9.84,Not Detected
23/2/2026,02:30:57,Bedroom,27.1,82.9,6.25,Not Detected
23/2/2026,02:30:12,Living Room,27.3,82.9,9.82,Not Detected
23/2/2026,02:30:11,Bedroom,27.1,82.9,6.06,Not Detected
23/2/2026,02:28:59,Living Room,27.3,82.9,9.91,Not Detected
23/2/2026,02:28:58,Bedroom,27.1,82.9,6.01,Not Detected
23/2/2026,02:28:04,Living Room,27.3,82.8,9.82,Not Detected
23/2/2026,02:28:03,Bedroom,27.1,82.9,6.06,Not Detected
23/2/2026,02:27:00,Living Room,27.3,82.8,9.74,Not Detected
23/2/2026,02:26:59,Bedroom,27.1,82.9,5.96,Not Detected
23/2/2026,02:25:55,Living Room,27.3,82.8,9.91,Not Detected
23/2/2026,02:25:54,Bedroom,27.1,82.9,6.18,Not Detected
23/2/2026,02:25:00,Living Room,27.3,82.8,9.74,Not Detected
23/2/2026,02:24:59,Bedroom,27.1,82.9,5.98,Not Detected
23/2/2026,02:23:56,Living Room,27.3,82.8,9.82,Not Detected
23/2/2026,02:23:55,Bedroom,27.1,82.8,6.18,Not Detected
23/2/2026,02:22:59,Living Room,27.3,82.8,9.96,Not Detected
23/2/2026,02:22:58,Bedroom,27.1,82.9,6.01,Not Detected
23/2/2026,02:22:03,Bedroom,27.1,82.9,5.96,Not Detected
23/2/2026,02:21:55,Living Room,27.3,82.8,9.87,Not Detected
23/2/2026,02:20:59,Living Room,27.3,82.8,9.96,Not Detected
23/2/2026,02:20:57,Bedroom,27.1,82.9,5.98,Not Detected
23/2/2026,02:18:02,Living Room,27.3,82.8,9.84,Not Detected
23/2/2026,02:18:01,Bedroom,27.1,82.9,6.01,Not Detected
23/2/2026,02:16:55,Living Room,27.3,82.8,9.77,Not Detected
23/2/2026,02:16:54,Bedroom,27.1,82.9,6.11,Not Detected
23/2/2026,02:16:01,Living Room,27.3,82.8,10.04,Not Detected
23/2/2026,02:15:59,Bedroom,27.1,82.9,5.91,Not Detected
23/2/2026,02:15:07,Living Room,27.3,82.8,9.74,Not Detected
23/2/2026,02:15:05,Bedroom,27.1,82.8,5.81,Not Detected
23/2/2026,02:14:03,Living Room,27.3,82.8,9.74,Not Detected
23/2/2026,02:14:02,Bedroom,27.1,82.9,5.93,Not Detected
23/2/2026,02:13:01,Bedroom,27.1,82.9,5.98,Not Detected
23/2/2026,02:12:53,Living Room,27.3,82.8,9.82,Not Detected
23/2/2026,02:11:57,Living Room,27.3,82.8,9.72,Not Detected
23/2/2026,02:11:56,Bedroom,27.1,82.8,5.76,Not Detected
23/2/2026,02:08:57,Living Room,27.3,82.7,9.89,Not Detected
23/2/2026,02:08:55,Bedroom,27.1,82.8,5.91,Not Detected
23/2/2026,02:07:02,Living Room,27.3,82.7,9.82,Not Detected
23/2/2026,02:07:01,Bedroom,27.1,82.8,5.84,Not Detected
23/2/2026,02:06:03,Bedroom,27.1,82.8,5.96,Not Detected
23/2/2026,02:05:55,Living Room,27.3,82.7,9.82,Not Detected
23/2/2026,02:05:06,Living Room,27.3,82.6,10.01,Not Detected
23/2/2026,02:05:04,Bedroom,27.1,82.8,6.01,Not Detected
23/2/2026,02:03:55,Living Room,27.3,82.6,9.74,Not Detected
23/2/2026,02:03:54,Bedroom,27.1,82.8,6.08,Not Detected
23/2/2026,02:02:59,Living Room,27.4,82.6,9.91,Not Detected
23/2/2026,02:02:58,Bedroom,27.1,82.8,5.96,Not Detected
23/2/2026,02:02:01,Living Room,27.4,82.6,9.77,Not Detected
23/2/2026,02:01:59,Bedroom,27.1,82.8,5.96,Not Detected
23/2/2026,02:00:56,Living Room,27.3,82.5,9.89,Not Detected
23/2/2026,02:00:54,Bedroom,27.1,82.7,5.98,Not Detected
23/2/2026,01:58:56,Living Room,27.3,82.4,9.82,Not Detected
23/2/2026,01:58:55,Bedroom,27.2,82.6,5.93,Not Detected
23/2/2026,01:57:54,Living Room,27.4,82.4,9.79,Not Detected
23/2/2026,01:57:52,Bedroom,27.2,82.6,5.84,Not Detected
23/2/2026,01:56:57,Living Room,27.4,82.3,9.74,Not Detected
23/2/2026,01:56:56,Bedroom,27.2,82.5,5.79,Not Detected
23/2/2026,01:56:00,Living Room,27.4,82.2,9.77,Not Detected
23/2/2026,01:55:58,Bedroom,27.2,82.4,6.01,Not Detected
23/2/2026,01:55:03,Bedroom,27.2,82.4,5.84,Not Detected
23/2/2026,01:54:55,Living Room,27.4,82.2,9.43,Not Detected
23/2/2026,01:54:02,Bedroom,27.2,82.5,10.48,Detected
23/2/2026,01:53:53,Living Room,27.4,82.2,13.75,Detected
23/2/2026,01:53:03,Bedroom,27.2,82.4,10.57,Detected
23/2/2026,01:52:55,Living Room,27.4,82.1,13.97,Detected
23/2/2026,01:51:58,Living Room,27.4,82,14.07,Not Detected
23/2/2026,01:51:57,Bedroom,27.2,82.3,10.62,Not Detected
23/2/2026,01:51:03,Living Room,27.4,82,13.99,Detected
23/2/2026,01:51:01,Bedroom,27.2,82.3,10.7,Detected
23/2/2026,01:48:01,Living Room,27.4,82.1,14.02,Not Detected
23/2/2026,01:48:00,Bedroom,27.2,82.3,10.53,Not Detected
23/2/2026,01:40:04,Living Room,27.4,82.2,89.21,Detected
23/2/2026,01:40:03,Bedroom,27.2,82.2,89.38,Detected
23/2/2026,01:38:59,Living Room,27.4,82.2,89.28,Not Detected
23/2/2026,01:38:57,Bedroom,27.2,82.2,89.33,Not Detected
23/2/2026,01:38:03,Living Room,27.4,82.1,89.21,Detected
23/2/2026,01:38:01,Bedroom,27.2,82.1,89.33,Detected
23/2/2026,01:36:58,Living Room,27.4,82,89.3,Not Detected
23/2/2026,01:36:57,Bedroom,27.2,82,89.33,Not Detected
23/2/2026,01:36:02,Living Room,27.4,82.1,89.23,Not Detected
23/2/2026,01:36:00,Bedroom,27.3,82,89.23,Not Detected
23/2/2026,01:35:05,Bedroom,27.3,81.9,89.23,Detected
23/2/2026,01:34:56,Living Room,27.4,82.1,89.23,Detected
23/2/2026,01:33:59,Living Room,27.4,82.1,89.23,Not Detected
23/2/2026,01:33:58,Bedroom,27.3,81.9,89.33,Not Detected
23/2/2026,01:33:02,Living Room,27.4,82,89.18,Not Detected
23/2/2026,01:33:01,Bedroom,27.3,81.9,89.28,Not Detected
23/2/2026,01:31:57,Living Room,27.4,82.1,89.23,Not Detected
23/2/2026,01:31:56,Bedroom,27.3,81.9,89.3,Not Detected
23/2/2026,01:31:01,Living Room,27.4,82.1,89.18,Not Detected
23/2/2026,01:31:00,Bedroom,27.3,81.9,89.3,Not Detected
23/2/2026,01:30:12,Living Room,27.4,82.1,89.28,Not Detected
23/2/2026,01:30:11,Bedroom,27.3,81.9,89.35,Not Detected
23/2/2026,01:28:56,Living Room,27.4,82.1,89.26,Not Detected
23/2/2026,01:28:55,Bedroom,27.3,81.9,89.33,Not Detected
23/2/2026,01:27:59,Living Room,27.4,82.1,89.33,Not Detected
23/2/2026,01:27:58,Bedroom,27.3,82,89.38,Not Detected
23/2/2026,01:27:02,Bedroom,27.2,82.2,89.28,Not Detected
23/2/2026,01:26:54,Living Room,27.4,82.1,89.28,Not Detected
23/2/2026,01:25:56,Living Room,27.4,82,89.16,Not Detected
23/2/2026,01:25:55,Bedroom,27.2,82.2,89.28,Not Detected
23/2/2026,01:25:00,Living Room,27.4,82.1,89.21,Not Detected
23/2/2026,01:24:58,Bedroom,27.2,82.2,89.35,Not Detected
23/2/2026,01:24:03,Bedroom,27.2,82.2,89.33,Not Detected
23/2/2026,01:23:55,Living Room,27.4,82,89.18,Not Detected
23/2/2026,01:22:59,Living Room,27.4,82,89.08,Not Detected
23/2/2026,01:22:58,Bedroom,27.2,82.2,89.23,Not Detected
23/2/2026,01:22:02,Bedroom,27.2,82.1,89.23,Not Detected
23/2/2026,01:21:55,Living Room,27.4,82,89.18,Not Detected
23/2/2026,01:20:00,Living Room,27.4,82,89.28,Not Detected
23/2/2026,01:19:59,Bedroom,27.2,82.1,89.33,Not Detected
23/2/2026,01:18:55,Living Room,27.4,82,89.28,Not Detected
23/2/2026,01:18:53,Bedroom,27.2,82.1,89.23,Not Detected
23/2/2026,01:17:02,Bedroom,27.2,82.1,89.28,Not Detected
23/2/2026,01:16:54,Living Room,27.4,81.9,89.21,Not Detected
23/2/2026,01:15:07,Bedroom,27.2,82.1,89.28,Not Detected
23/2/2026,01:14:59,Living Room,27.4,81.9,89.28,Not Detected
23/2/2026,01:14:03,Bedroom,27.2,82.1,89.3,Not Detected
23/2/2026,01:13:54,Living Room,27.5,81.9,89.28,Not Detected
23/2/2026,01:12:02,Living Room,27.5,81.8,89.18,Not Detected
23/2/2026,01:12:01,Bedroom,27.2,82.1,89.33,Not Detected
23/2/2026,01:11:02,Living Room,27.5,81.8,89.13,Not Detected
23/2/2026,01:11:01,Bedroom,27.2,82,89.3,Not Detected
23/2/2026,01:10:05,Living Room,27.5,81.8,89.57,Not Detected
23/2/2026,01:10:04,Bedroom,27.2,82,89.6,Not Detected
23/2/2026,01:09:01,Living Room,27.5,81.8,89.33,Not Detected
23/2/2026,01:09:00,Bedroom,27.3,81.9,89.21,Not Detected
23/2/2026,01:07:56,Living Room,27.5,81.8,89.18,Not Detected
23/2/2026,01:07:54,Bedroom,27.3,81.9,89.23,Not Detected
23/2/2026,01:06:59,Living Room,27.5,81.7,89.16,Not Detected
23/2/2026,01:06:58,Bedroom,27.3,81.9,89.23,Not Detected
23/2/2026,01:06:03,Living Room,27.5,81.7,89.13,Not Detected
23/2/2026,01:06:02,Bedroom,27.2,81.9,89.28,Not Detected
23/2/2026,01:05:05,Bedroom,27.2,81.8,89.3,Not Detected
23/2/2026,01:04:57,Living Room,27.5,81.7,89.23,Not Detected
23/2/2026,01:03:58,Living Room,27.5,81.6,89.18,Not Detected
23/2/2026,01:03:57,Bedroom,27.3,81.8,89.23,Not Detected
23/2/2026,01:02:50,Living Room,27.5,81.6,89.21,Not Detected
23/2/2026,01:02:49,Bedroom,27.3,81.8,89.3,Not Detected
23/2/2026,01:01:59,Living Room,27.5,81.6,89.28,Not Detected
23/2/2026,01:01:58,Bedroom,27.3,81.8,89.28,Not Detected
23/2/2026,01:01:01,Living Room,27.5,81.5,89.3,Not Detected
23/2/2026,01:01:00,Bedroom,27.2,81.8,89.21,Not Detected
23/2/2026,01:00:06,Living Room,27.5,81.5,89.28,Not Detected
23/2/2026,01:00:05,Bedroom,27.3,81.7,89.28,Not Detected
23/2/2026,00:59:01,Living Room,27.5,81.5,89.13,Not Detected
23/2/2026,00:59:00,Bedroom,27.3,81.7,89.21,Not Detected
23/2/2026,00:57:57,Living Room,27.5,81.4,89.13,Not Detected
23/2/2026,00:57:55,Bedroom,27.3,81.7,89.3,Not Detected
23/2/2026,00:57:01,Living Room,27.5,81.4,89.21,Not Detected
23/2/2026,00:56:59,Bedroom,27.3,81.7,89.3,Not Detected
23/2/2026,00:56:03,Bedroom,27.3,81.6,89.23,Not Detected
23/2/2026,00:55:55,Living Room,27.5,81.3,89.21,Not Detected
23/2/2026,00:54:03,Bedroom,27.3,81.6,89.82,Not Detected
23/2/2026,00:53:55,Living Room,27.6,81.2,89.16,Not Detected
23/2/2026,00:53:00,Living Room,27.6,81.2,89.69,Not Detected
23/2/2026,00:52:58,Bedroom,27.3,81.5,89.79,Not Detected
23/2/2026,00:52:04,Living Room,27.6,81.2,89.69,Not Detected
23/2/2026,00:52:02,Bedroom,27.3,81.5,89.79,Not Detected
23/2/2026,00:50:59,Living Room,27.6,81.1,89.21,Not Detected
23/2/2026,00:50:58,Bedroom,27.4,81.4,89.18,Not Detected
23/2/2026,00:50:04,Living Room,27.6,81,89.21,Not Detected
23/2/2026,00:50:03,Bedroom,27.4,81.4,89.33,Not Detected
23/2/2026,00:48:00,Living Room,27.7,80.9,89.38,Not Detected
23/2/2026,00:47:59,Bedroom,27.4,81.3,89.33,Not Detected
23/2/2026,00:46:48,Living Room,27.7,80.8,89.55,Detected
23/2/2026,00:46:44,Bedroom,27.4,81.2,89.67,Not Detected
23/2/2026,00:45:01,Living Room,27.7,80.7,89.3,Not Detected
23/2/2026,00:45:00,Bedroom,27.5,81,89.3,Not Detected
23/2/2026,00:43:56,Living Room,27.7,80.7,89.3,Detected
23/2/2026,00:43:55,Bedroom,27.4,81,89.45,Detected
23/2/2026,00:43:01,Living Room,27.8,80.6,89.26,Not Detected
23/2/2026,00:43:00,Bedroom,27.5,80.9,89.35,Not Detected
23/2/2026,00:41:55,Living Room,27.8,80.5,89.3,Not Detected
23/2/2026,00:41:54,Bedroom,27.5,80.5,89.33,Not Detected
23/2/2026,00:40:58,Living Room,27.8,80.6,89.26,Not Detected
23/2/2026,00:40:57,Bedroom,27.7,80.6,89.3,Not Detected
23/2/2026,00:40:03,Living Room,27.7,80.6,89.38,Not Detected
23/2/2026,00:40:02,Bedroom,27.5,81,89.47,Not Detected
23/2/2026,00:38:58,Living Room,27.8,80.4,89.33,Not Detected
23/2/2026,00:38:57,Bedroom,27.5,80.8,89.33,Not Detected
23/2/2026,00:37:02,Bedroom,27.6,80.1,89.11,Not Detected
23/2/2026,00:36:54,Living Room,27.8,80.4,89.01,Not Detected
22/2/2026,21:39:01,Living Room,27.4,80,86.32,Detected
22/2/2026,21:38:59,Bedroom,27.5,78.6,86.32,Detected
22/2/2026,21:38:01,Living Room,27.4,80,86.32,Detected
22/2/2026,21:37:59,Bedroom,27.6,78.7,86.32,Detected
22/2/2026,21:37:01,Living Room,27.4,79.9,86.2,Detected
22/2/2026,21:37:00,Bedroom,27.6,78.6,86.32,Detected
22/2/2026,21:36:03,Bedroom,27.6,78.5,86.32,Detected
22/2/2026,21:35:54,Living Room,27.4,79.8,86.3,Detected
22/2/2026,21:34:58,Living Room,27.4,79.7,86.25,Detected
22/2/2026,21:34:57,Bedroom,27.6,78.4,86.32,Detected
22/2/2026,21:34:01,Living Room,27.4,79.8,86.2,Detected
22/2/2026,21:34:00,Bedroom,27.6,78.3,86.3,Detected
22/2/2026,21:32:56,Living Room,27.4,79.9,86.15,Detected
22/2/2026,21:32:55,Bedroom,27.7,78.3,86.28,Detected
22/2/2026,21:31:59,Living Room,27.4,79.8,86.18,Detected
22/2/2026,21:31:58,Bedroom,27.6,78.2,86.3,Detected
22/2/2026,21:30:54,Living Room,27.4,79.7,86.01,Detected
22/2/2026,21:30:53,Bedroom,27.7,78.3,86.06,Detected
22/2/2026,21:30:08,Living Room,27.4,79.7,86.08,Detected
22/2/2026,21:30:06,Bedroom,27.6,78.3,86.18,Detected
22/2/2026,21:29:01,Living Room,27.4,79.8,86.2,Detected
22/2/2026,21:28:59,Bedroom,27.6,78.4,86.25,Detected
22/2/2026,21:27:56,Living Room,27.4,79.9,85.98,Detected
22/2/2026,21:27:55,Bedroom,27.6,78.5,86.08,Detected
22/2/2026,21:24:59,Living Room,27.3,79.9,85.54,Detected
22/2/2026,21:24:58,Bedroom,27.6,78.3,85.54,Detected
22/2/2026,21:24:02,Bedroom,27.6,78.4,85.37,Detected
22/2/2026,21:23:53,Living Room,27.3,80,85.37,Detected
22/2/2026,21:22:00,Living Room,27.3,79.9,85.3,Detected
22/2/2026,21:21:58,Bedroom,27.5,78.6,85.4,Detected
22/2/2026,21:21:00,Living Room,27.3,79.9,85.35,Detected
22/2/2026,21:20:59,Bedroom,27.5,78.4,85.32,Detected
22/2/2026,21:20:04,Living Room,27.3,79.9,85.4,Detected
22/2/2026,21:20:03,Bedroom,27.5,78.3,85.47,Detected
22/2/2026,21:18:58,Living Room,27.3,80,85.52,Detected
22/2/2026,21:18:57,Bedroom,27.6,78.3,85.67,Detected
22/2/2026,21:18:02,Living Room,27.3,79.9,85.54,Detected
22/2/2026,21:18:00,Bedroom,27.6,78.3,85.49,Detected
22/2/2026,21:16:02,Living Room,27.2,80,85.52,Detected
22/2/2026,21:16:00,Bedroom,27.5,78.5,85.54,Detected
22/2/2026,21:15:06,Living Room,27.2,80,85.54,Detected
22/2/2026,21:15:04,Bedroom,27.5,78.4,85.54,Detected
22/2/2026,21:14:00,Living Room,27.2,80.1,85.54,Detected
22/2/2026,21:13:59,Bedroom,27.5,78.4,85.59,Detected
22/2/2026,21:12:55,Living Room,27.2,80.2,85.54,Detected
22/2/2026,21:12:53,Bedroom,27.5,78.6,85.54,Detected
22/2/2026,21:11:02,Living Room,27.2,80.2,79.66,Detected
22/2/2026,21:11:01,Bedroom,27.3,78.8,79.68,Detected
22/2/2026,21:10:07,Living Room,27.1,80.2,78.61,Detected
22/2/2026,21:10:06,Bedroom,27.4,78.7,78.8,Detected
22/2/2026,21:09:01,Living Room,27.1,80.2,81.34,Detected
22/2/2026,21:09:00,Bedroom,27.4,78.7,81.49,Detected
22/2/2026,21:07:55,Living Room,27.1,80.2,78.66,Detected
22/2/2026,21:07:54,Bedroom,27.4,78.6,78.9,Detected
22/2/2026,21:07:00,Living Room,27.1,80.2,78.56,Detected
22/2/2026,21:06:58,Bedroom,27.3,78.7,78.8,Detected
22/2/2026,21:06:02,Bedroom,27.3,78.7,79.29,Detected
22/2/2026,21:05:54,Living Room,27.1,80.2,81.68,Detected
22/2/2026,21:04:55,Living Room,27.1,80.2,79.02,Detected
22/2/2026,21:04:54,Bedroom,27.3,78.9,79.19,Detected
22/2/2026,21:03:59,Living Room,27.1,80.2,79.93,Detected
22/2/2026,21:03:58,Bedroom,27.3,78.9,80.05,Detected
22/2/2026,21:01:55,Living Room,27,80.3,79.56,Detected
22/2/2026,21:01:54,Bedroom,27.2,79,79.66,Detected
22/2/2026,21:00:59,Living Room,27.1,80.3,82.44,Detected
22/2/2026,21:00:58,Bedroom,27.1,79.2,82.59,Detected
22/2/2026,21:00:10,Living Room,27.1,80.4,79.29,Detected
22/2/2026,21:00:09,Bedroom,27.2,79.1,79.44,Detected
22/2/2026,20:58:00,Living Room,27,80.5,81.37,Detected
22/2/2026,20:57:59,Bedroom,27,79.7,81.59,Detected
22/2/2026,20:56:59,Living Room,27,80.8,87.52,Detected
22/2/2026,20:56:58,Bedroom,27,80.5,87.52,Detected
22/2/2026,20:56:02,Bedroom,26.9,80.8,0,Detected
22/2/2026,20:55:54,Living Room,26.9,80.9,2.88,Detected
22/2/2026,20:54:57,Living Room,26.9,80.5,2.86,Detected
22/2/2026,20:54:56,Bedroom,26.8,80.4,0,Detected
22/2/2026,20:54:01,Living Room,27,80.5,2.78,Detected
22/2/2026,20:54:00,Bedroom,26.8,80.1,0,Detected
22/2/2026,20:51:02,Bedroom,26.8,80.4,85.62,Detected
22/2/2026,20:50:54,Living Room,27,80.6,87.25,Detected
22/2/2026,20:50:07,Living Room,27,80.6,85.59,Detected
22/2/2026,20:50:06,Bedroom,26.8,80.5,85.57,Detected
22/2/2026,20:49:00,Living Room,26.9,80.7,87.18,Detected
22/2/2026,20:48:59,Bedroom,26.7,80.7,87.52,Detected
22/2/2026,20:48:02,Bedroom,26.7,80.7,83.81,Detected
22/2/2026,20:47:54,Living Room,26.9,80.6,83.83,Detected
22/2/2026,20:46:58,Living Room,26.9,80.6,83.81,Detected
22/2/2026,20:46:57,Bedroom,26.7,80.7,83.71,Detected
22/2/2026,20:46:02,Living Room,26.9,80.7,85.47,Detected
22/2/2026,20:46:01,Bedroom,26.7,80.7,85.45,Detected
22/2/2026,20:45:06,Living Room,26.9,80.6,85.54,Detected
22/2/2026,20:45:05,Bedroom,26.7,80.6,85.47,Detected
22/2/2026,20:44:01,Living Room,26.9,80.6,85.45,Detected
22/2/2026,20:44:00,Bedroom,26.7,80.7,85.52,Detected
22/2/2026,20:42:55,Living Room,26.9,80.6,85.54,Detected
22/2/2026,20:42:54,Bedroom,26.7,80.6,85.47,Detected
22/2/2026,20:41:59,Living Room,26.9,80.6,85.49,Detected
22/2/2026,20:41:57,Bedroom,26.7,80.7,85.49,Detected
22/2/2026,20:41:02,Bedroom,26.7,80.7,85.52,Detected
22/2/2026,20:40:54,Living Room,26.9,80.7,85.45,Detected
22/2/2026,20:40:06,Bedroom,26.7,80.7,85.52,Detected
22/2/2026,20:39:55,Living Room,26.9,80.6,85.54,Detected
22/2/2026,20:39:00,Living Room,26.9,80.6,85.49,Detected
22/2/2026,20:38:59,Bedroom,26.7,80.7,85.54,Detected
22/2/2026,20:37:55,Living Room,26.9,80.6,85.54,Detected
22/2/2026,20:37:54,Bedroom,26.7,80.6,85.54,Detected
22/2/2026,20:36:59,Living Room,26.9,80.7,85.4,Detected
22/2/2026,20:36:58,Bedroom,26.7,80.6,85.45,Detected
22/2/2026,20:36:03,Living Room,26.9,80.7,85.45,Detected
22/2/2026,20:36:01,Bedroom,26.7,80.6,85.47,Detected
22/2/2026,20:35:03,Living Room,26.9,80.6,85.54,Detected
22/2/2026,20:35:02,Bedroom,26.7,80.6,85.49,Detected
22/2/2026,20:33:02,Living Room,26.9,80.6,85.52,Detected
22/2/2026,20:33:01,Bedroom,26.7,80.7,85.52,Detected
22/2/2026,20:31:01,Living Room,26.9,80.6,85.54,Detected
22/2/2026,20:31:00,Bedroom,26.7,80.7,85.52,Detected
22/2/2026,20:30:05,Living Room,26.9,80.6,85.42,Detected
22/2/2026,20:30:02,Bedroom,26.7,80.7,85.49,Detected
22/2/2026,20:28:02,Living Room,26.9,80.7,85.4,Detected
22/2/2026,20:28:00,Bedroom,26.7,80.7,85.47,Detected
22/2/2026,20:26:56,Living Room,26.9,80.7,85.49,Detected
22/2/2026,20:26:55,Bedroom,26.7,80.7,85.49,Detected
22/2/2026,20:26:01,Living Room,26.9,80.7,85.37,Detected
22/2/2026,20:26:00,Bedroom,26.7,80.7,85.49,Detected
22/2/2026,20:25:04,Bedroom,26.7,80.7,85.47,Detected
22/2/2026,20:24:56,Living Room,26.9,80.7,85.47,Detected
22/2/2026,20:23:02,Living Room,26.9,80.7,85.47,Detected
22/2/2026,20:23:01,Bedroom,26.7,80.6,85.47,Detected
22/2/2026,20:21:02,Living Room,26.9,80.7,85.45,Detected
22/2/2026,20:21:01,Bedroom,26.7,80.6,85.52,Detected
22/2/2026,20:20:06,Living Room,27,80.7,85.47,Detected
22/2/2026,20:20:05,Bedroom,26.7,80.7,85.49,Detected
22/2/2026,20:18:58,Living Room,26.9,80.6,85.47,Detected
22/2/2026,20:18:57,Bedroom,26.7,80.7,85.54,Detected
22/2/2026,20:18:02,Living Room,26.9,80.6,85.52,Detected
22/2/2026,20:18:01,Bedroom,26.7,80.7,85.52,Detected
22/2/2026,20:17:01,Bedroom,26.7,80.6,85.42,Detected
22/2/2026,20:16:53,Living Room,26.9,80.6,85.42,Detected
22/2/2026,20:15:57,Living Room,26.9,80.6,85.47,Detected
22/2/2026,20:15:56,Bedroom,26.7,80.7,85.49,Detected
22/2/2026,20:15:01,Living Room,26.9,80.6,85.52,Detected
22/2/2026,20:15:00,Bedroom,26.7,80.7,85.49,Detected
22/2/2026,20:14:03,Bedroom,26.7,80.6,85.4,Detected
22/2/2026,20:13:55,Living Room,26.9,80.6,85.47,Detected
22/2/2026,20:12:58,Living Room,27,80.7,85.47,Detected
22/2/2026,20:12:57,Bedroom,26.8,80.7,85.52,Detected
22/2/2026,20:12:02,Living Room,27,80.6,85.45,Detected
22/2/2026,20:12:01,Bedroom,26.8,80.7,85.52,Detected
22/2/2026,20:10:00,Living Room,27,80.6,85.42,Detected
22/2/2026,20:09:59,Bedroom,26.8,80.6,85.49,Detected
22/2/2026,20:08:55,Living Room,27,80.6,85.4,Detected
22/2/2026,20:08:54,Bedroom,26.8,80.6,85.4,Detected
22/2/2026,20:08:00,Living Room,27,80.6,85.4,Detected
22/2/2026,20:07:59,Bedroom,26.8,80.6,85.47,Detected
22/2/2026,20:07:02,Bedroom,26.8,80.6,85.47,Detected
22/2/2026,20:06:54,Living Room,27,80.6,85.42,Detected
22/2/2026,20:05:58,Living Room,27,80.6,85.49,Detected
22/2/2026,20:05:57,Bedroom,26.9,80.5,85.49,Detected
22/2/2026,20:04:01,Living Room,27,80.7,85.49,Detected
22/2/2026,20:04:00,Bedroom,26.8,80.6,85.47,Detected
22/2/2026,20:02:56,Living Room,27,80.6,85.4,Detected
22/2/2026,20:02:54,Bedroom,26.8,80.5,85.52,Detected
22/2/2026,20:02:00,Living Room,27,80.4,85.52,Detected
22/2/2026,20:01:59,Bedroom,26.8,80.4,85.47,Detected
22/2/2026,20:00:56,Living Room,27,80.3,85.4,Detected
22/2/2026,20:00:54,Bedroom,26.8,80.2,85.49,Detected
22/2/2026,20:00:09,Living Room,27,80.2,85.47,Detected
22/2/2026,20:00:08,Bedroom,26.8,80.2,85.49,Detected
22/2/2026,19:59:02,Bedroom,26.8,80.1,85.45,Detected
22/2/2026,19:58:54,Living Room,27.1,80.2,85.4,Detected
22/2/2026,19:56:00,Living Room,27,80.3,85.47,Detected
22/2/2026,19:55:59,Bedroom,26.8,80.2,85.47,Detected
22/2/2026,19:55:04,Living Room,27,80.4,85.49,Detected
22/2/2026,19:55:02,Bedroom,26.8,80.3,85.47,Detected
22/2/2026,19:53:01,Living Room,26.9,80.4,85.52,Detected
22/2/2026,19:53:00,Bedroom,26.7,80.4,85.47,Detected
22/2/2026,19:51:56,Living Room,26.9,80.3,85.47,Detected
22/2/2026,19:51:55,Bedroom,26.7,80.4,85.49,Detected
22/2/2026,19:48:00,Living Room,27,80.2,85.47,Detected
22/2/2026,19:47:59,Bedroom,26.8,80.3,85.49,Detected
22/2/2026,19:46:55,Living Room,27,80.3,85.47,Detected
22/2/2026,19:46:53,Bedroom,26.7,80.3,85.45,Detected
22/2/2026,19:45:59,Living Room,27,80.2,85.45,Detected
22/2/2026,19:45:57,Bedroom,26.8,80.2,85.42,Detected
22/2/2026,19:45:03,Living Room,27,80.1,85.45,Detected
22/2/2026,19:45:02,Bedroom,26.8,80.2,85.45,Detected
22/2/2026,19:43:01,Living Room,27,80.1,85.47,Detected
22/2/2026,19:43:00,Bedroom,26.8,80.1,85.45,Detected
22/2/2026,19:41:56,Living Room,27,80.1,85.49,Detected
22/2/2026,19:41:55,Bedroom,26.7,80.1,85.42,Detected
22/2/2026,19:40:58,Living Room,27,80,85.47,Detected
22/2/2026,19:40:57,Bedroom,26.8,80.1,85.49,Detected
22/2/2026,19:38:01,Living Room,27,79.9,85.49,Detected
22/2/2026,19:38:00,Bedroom,26.8,80,85.37,Detected
22/2/2026,19:36:56,Living Room,27,80,85.4,Detected
22/2/2026,19:36:54,Bedroom,26.8,79.9,85.52,Detected
22/2/2026,19:35:04,Living Room,27,79.9,85.42,Detected
22/2/2026,19:35:03,Bedroom,26.8,79.9,85.54,Detected
22/2/2026,19:33:02,Living Room,27,79.8,85.4,Detected
22/2/2026,19:33:01,Bedroom,26.8,79.8,85.45,Detected
22/2/2026,19:32:02,Bedroom,26.7,79.8,85.45,Detected
22/2/2026,19:31:54,Living Room,27,79.7,85.47,Detected
22/2/2026,19:30:59,Living Room,27,79.8,85.45,Detected
22/2/2026,19:30:57,Bedroom,26.8,79.7,85.4,Detected
22/2/2026,19:30:12,Living Room,26.9,79.7,85.47,Detected
22/2/2026,19:30:11,Bedroom,26.8,79.7,85.45,Detected
22/2/2026,19:29:02,Bedroom,26.8,79.7,84.25,Detected
22/2/2026,19:28:53,Living Room,27,79.7,84.22,Detected
22/2/2026,19:27:00,Living Room,26.9,79.7,84.08,Detected
22/2/2026,19:26:59,Bedroom,26.8,79.6,84.15,Detected
22/2/2026,19:25:55,Living Room,26.9,79.6,84.15,Detected
22/2/2026,19:25:54,Bedroom,26.7,79.6,84.18,Detected
22/2/2026,19:25:05,Bedroom,26.8,79.6,84.25,Detected
22/2/2026,19:24:54,Living Room,26.9,79.6,84.1,Detected
22/2/2026,19:23:02,Living Room,26.9,79.5,84.13,Detected
22/2/2026,19:23:00,Bedroom,26.7,79.5,84.05,Detected
22/2/2026,19:22:03,Living Room,26.9,79.5,84.1,Detected
22/2/2026,19:22:02,Bedroom,26.7,79.4,84.03,Detected
22/2/2026,19:20:00,Living Room,26.9,79.4,84.2,Detected
22/2/2026,19:19:58,Bedroom,26.7,79.4,84.2,Detected
22/2/2026,19:19:02,Living Room,26.9,79.4,84.08,Detected
22/2/2026,19:19:01,Bedroom,26.7,79.4,84.13,Detected
22/2/2026,19:17:55,Living Room,26.9,79.4,84.08,Detected
22/2/2026,19:17:54,Bedroom,26.7,79.4,84.08,Detected
22/2/2026,19:14:02,Bedroom,26.7,79.4,83.15,Detected
22/2/2026,19:13:54,Living Room,26.9,79.4,82.93,Detected
22/2/2026,19:12:54,Living Room,26.9,79.4,82.91,Detected
22/2/2026,19:12:53,Bedroom,26.7,79.4,82.98,Detected
22/2/2026,19:11:02,Living Room,26.9,79.4,83.81,Detected
22/2/2026,19:11:01,Bedroom,26.7,79.4,83.76,Detected
22/2/2026,19:10:06,Living Room,26.9,79.5,83.71,Detected
22/2/2026,19:10:05,Bedroom,26.7,79.4,83.76,Detected
22/2/2026,19:08:59,Living Room,26.9,79.4,83.49,Detected
22/2/2026,19:08:58,Bedroom,26.6,79.5,83.47,Detected
22/2/2026,19:08:02,Bedroom,26.6,79.4,83.35,Detected
22/2/2026,19:07:54,Living Room,26.9,79.4,83.2,Detected
22/2/2026,19:06:58,Living Room,26.9,79.4,83.3,Detected
22/2/2026,19:06:57,Bedroom,26.6,79.5,83.27,Detected
22/2/2026,19:06:02,Living Room,26.9,79.4,83.64,Detected
22/2/2026,19:06:01,Bedroom,26.6,79.5,83.69,Detected
22/2/2026,19:04:57,Living Room,26.9,79.4,83.71,Detected
22/2/2026,19:04:55,Bedroom,26.6,79.4,83.61,Detected
22/2/2026,19:04:00,Living Room,26.9,79.4,83.69,Detected
22/2/2026,19:03:59,Bedroom,26.6,79.4,83.79,Detected
22/2/2026,19:02:52,Living Room,26.9,79.4,83.81,Detected
22/2/2026,19:02:51,Bedroom,26.7,79.5,83.74,Detected
22/2/2026,19:01:56,Living Room,26.9,79.4,83.71,Detected
22/2/2026,19:01:55,Bedroom,26.7,79.5,83.76,Detected
22/2/2026,19:00:59,Living Room,26.9,79.3,83.69,Detected
22/2/2026,19:00:58,Bedroom,26.6,79.5,83.69,Detected
22/2/2026,19:00:12,Bedroom,26.6,79.4,84.1,Detected
22/2/2026,19:00:04,Living Room,26.9,79.3,83.98,Detected
22/2/2026,18:58:58,Living Room,26.9,79.3,83.71,Detected
22/2/2026,18:58:56,Bedroom,26.6,79.4,83.83,Detected
22/2/2026,18:58:01,Living Room,26.9,79.3,83.61,Detected
22/2/2026,18:58:00,Bedroom,26.6,79.4,83.61,Detected
22/2/2026,18:55:57,Living Room,26.9,79.3,83.15,Detected
22/2/2026,18:55:56,Bedroom,26.6,79.4,83.2,Detected
22/2/2026,18:54:03,Bedroom,26.6,79.4,84.81,Detected
22/2/2026,18:53:55,Living Room,26.9,79.4,84.86,Detected
22/2/2026,18:52:58,Living Room,26.9,79.4,84.91,Detected
22/2/2026,18:52:57,Bedroom,26.7,79.4,84.93,Detected
22/2/2026,18:52:02,Living Room,26.9,79.4,85.62,Detected
22/2/2026,18:52:00,Bedroom,26.7,79.4,85.67,Detected
22/2/2026,18:51:01,Bedroom,26.6,79.4,85.54,Detected
22/2/2026,18:50:53,Living Room,26.9,79.4,85.49,Detected
22/2/2026,18:50:05,Living Room,26.9,79.4,88.91,Detected
22/2/2026,18:50:04,Bedroom,26.6,79.4,88.86,Detected
22/2/2026,18:49:00,Living Room,26.8,79.4,89.11,Detected
22/2/2026,18:48:59,Bedroom,26.7,79.3,89.18,Detected
22/2/2026,18:48:03,Bedroom,26.7,79.3,88.45,Detected
22/2/2026,18:47:55,Living Room,26.9,79.4,88.82,Detected
22/2/2026,18:46:59,Living Room,26.9,79.4,88.67,Detected
22/2/2026,18:46:58,Bedroom,26.7,79.3,88.62,Detected
22/2/2026,18:46:03,Living Room,26.9,79.4,89.45,Detected
22/2/2026,18:46:02,Bedroom,26.7,79.3,89.5,Detected
22/2/2026,18:45:06,Bedroom,26.7,79.3,89.45,Detected
22/2/2026,18:44:58,Living Room,26.8,79.4,89.62,Detected
22/2/2026,18:44:02,Living Room,26.8,79.4,89.89,Detected
22/2/2026,18:44:01,Bedroom,26.7,79.4,89.91,Detected
22/2/2026,18:42:00,Living Room,26.9,79.3,90.11,Detected
22/2/2026,18:41:59,Bedroom,26.7,79.3,90.09,Detected
22/2/2026,18:40:56,Living Room,26.9,79.3,90.09,Detected
22/2/2026,18:40:54,Bedroom,26.7,79.3,90.06,Detected
22/2/2026,18:40:06,Living Room,26.9,79.3,90.13,Detected
22/2/2026,18:40:05,Bedroom,26.7,79.3,90.16,Detected
22/2/2026,18:39:01,Bedroom,26.7,79.3,90.21,Detected
22/2/2026,18:38:53,Living Room,26.9,79.3,90.01,Detected
22/2/2026,18:37:57,Living Room,26.9,79.3,90.09,Detected
22/2/2026,18:37:56,Bedroom,26.7,79.2,90.18,Detected
22/2/2026,18:37:01,Living Room,26.9,79.3,90.06,Detected
22/2/2026,18:37:00,Bedroom,26.7,79.2,90.16,Detected
22/2/2026,18:35:56,Living Room,26.9,79.3,90.13,Detected
22/2/2026,18:35:55,Bedroom,26.7,79.1,90.06,Detected
22/2/2026,18:33:55,Living Room,26.9,79.3,90.06,Detected
22/2/2026,18:33:54,Bedroom,26.7,79.1,90.09,Detected
22/2/2026,18:32:59,Living Room,26.9,79.3,90.01,Detected
22/2/2026,18:32:58,Bedroom,26.7,79.1,90.11,Detected
22/2/2026,18:31:55,Living Room,26.9,79.3,90.13,Detected
22/2/2026,18:31:54,Bedroom,26.7,79.1,90.23,Detected
22/2/2026,18:31:00,Living Room,26.9,79.4,90.04,Detected
22/2/2026,18:30:59,Bedroom,26.7,79.1,90.11,Detected
22/2/2026,18:30:13,Bedroom,26.7,79.2,90.09,Detected
22/2/2026,18:30:01,Living Room,26.8,79.6,89.99,Detected
22/2/2026,18:28:56,Living Room,26.8,79.8,90.04,Detected
22/2/2026,18:28:54,Bedroom,26.7,79.4,90.09,Detected
22/2/2026,18:27:57,Living Room,26.8,79.7,90.09,Detected
22/2/2026,18:27:56,Bedroom,26.6,79.4,90.09,Detected
22/2/2026,18:27:01,Living Room,26.7,79.7,90.06,Detected
22/2/2026,18:27:00,Bedroom,26.6,79.4,90.11,Detected
22/2/2026,18:25:56,Living Room,26.8,79.7,90.09,Detected
22/2/2026,18:25:55,Bedroom,26.6,79.4,90.18,Detected
22/2/2026,18:23:55,Living Room,26.8,79.7,89.99,Detected
22/2/2026,18:23:53,Bedroom,26.6,79.4,90.09,Detected
22/2/2026,18:22:59,Living Room,26.8,79.7,90.01,Detected
22/2/2026,18:22:57,Bedroom,26.6,79.4,90.09,Detected
22/2/2026,18:22:02,Bedroom,26.6,79.4,90.16,Detected
22/2/2026,18:21:54,Living Room,26.8,79.7,90.04,Detected
22/2/2026,18:20:59,Living Room,26.8,79.7,90.09,Detected
22/2/2026,18:20:58,Bedroom,26.7,79.4,90.16,Detected
22/2/2026,18:18:01,Living Room,26.8,79.6,90.18,Detected
22/2/2026,18:18:00,Bedroom,26.7,79.3,90.21,Detected
22/2/2026,18:16:01,Living Room,26.8,79.6,90.16,Detected
22/2/2026,18:16:00,Bedroom,26.7,79.2,90.21,Detected
22/2/2026,18:15:06,Living Room,26.8,79.6,90.18,Detected
22/2/2026,18:15:05,Bedroom,26.7,79.1,90.21,Detected
22/2/2026,18:13:58,Living Room,26.8,79.6,90.18,Detected
22/2/2026,18:13:57,Bedroom,26.8,79,90.21,Detected
22/2/2026,18:13:02,Living Room,26.8,79.6,90.13,Detected
22/2/2026,18:13:00,Bedroom,26.8,79,90.18,Detected
22/2/2026,18:12:02,Living Room,26.8,79.7,90.21,Detected
22/2/2026,18:12:00,Bedroom,26.7,79,90.21,Detected
22/2/2026,18:10:52,Living Room,26.8,79.7,90.21,Detected
22/2/2026,18:10:50,Bedroom,26.7,79.1,90.23,Detected
22/2/2026,18:08:55,Living Room,26.8,79.7,90.23,Detected
22/2/2026,18:08:54,Bedroom,26.7,79.1,90.23,Detected
22/2/2026,18:07:00,Living Room,26.8,79.7,90.21,Detected
22/2/2026,18:06:59,Bedroom,26.7,79.1,90.23,Detected
22/2/2026,18:05:55,Living Room,26.7,79.7,90.11,Detected
22/2/2026,18:05:54,Bedroom,26.7,79.1,90.11,Detected
22/2/2026,18:04:02,Bedroom,26.7,79.1,90.23,Detected
22/2/2026,18:03:54,Living Room,26.7,79.7,90.18,Detected
22/2/2026,18:02:55,Living Room,26.7,79.7,90.23,Detected
22/2/2026,18:02:54,Bedroom,26.7,79.1,90.16,Detected
22/2/2026,18:02:00,Living Room,26.7,79.7,90.23,Detected
22/2/2026,18:01:59,Bedroom,26.7,79.1,90.23,Detected
22/2/2026,18:00:10,Living Room,26.7,79.7,90.18,Detected
22/2/2026,18:00:09,Bedroom,26.7,79.2,90.21,Detected
22/2/2026,17:58:00,Living Room,26.7,79.7,90.21,Not Detected
22/2/2026,17:57:59,Bedroom,26.7,79.2,90.21,Not Detected
22/2/2026,17:56:56,Living Room,26.7,79.8,90.23,Not Detected
22/2/2026,17:56:54,Bedroom,26.7,79.3,90.13,Not Detected
22/2/2026,17:56:00,Living Room,26.7,79.7,90.18,Not Detected
22/2/2026,17:55:58,Bedroom,26.7,79.2,90.23,Not Detected
22/2/2026,17:55:04,Living Room,26.7,79.7,90.16,Not Detected
22/2/2026,17:55:03,Bedroom,26.7,79.2,90.18,Not Detected
22/2/2026,17:52:54,Living Room,26.8,79.8,90.11,Not Detected
22/2/2026,17:52:53,Bedroom,26.7,79.2,90.18,Not Detected
22/2/2026,17:50:59,Living Room,26.7,79.7,90.13,Not Detected
22/2/2026,17:50:58,Bedroom,26.7,79.2,90.23,Not Detected
22/2/2026,17:50:04,Living Room,26.7,79.7,90.16,Not Detected
22/2/2026,17:50:01,Bedroom,26.7,79.3,90.21,Not Detected
22/2/2026,17:48:57,Living Room,26.8,79.7,90.18,Not Detected
22/2/2026,17:48:56,Bedroom,26.7,79.3,90.21,Not Detected
22/2/2026,17:48:02,Living Room,26.8,79.7,90.21,Not Detected
22/2/2026,17:48:01,Bedroom,26.7,79.3,90.23,Not Detected
22/2/2026,17:46:01,Living Room,26.8,79.7,90.13,Not Detected
22/2/2026,17:46:00,Bedroom,26.7,79.2,90.21,Not Detected
22/2/2026,17:45:06,Living Room,26.8,79.8,90.23,Not Detected
22/2/2026,17:45:05,Bedroom,26.7,79.3,90.18,Not Detected
22/2/2026,17:43:58,Living Room,26.8,79.8,90.23,Not Detected
22/2/2026,17:43:57,Bedroom,26.7,79.2,90.23,Not Detected
22/2/2026,17:43:02,Living Room,26.8,79.7,90.23,Detected
22/2/2026,17:43:01,Bedroom,26.7,79.3,90.23,Not Detected
22/2/2026,17:41:01,Living Room,26.8,80,90.13,Not Detected
22/2/2026,17:41:00,Bedroom,26.7,79.7,90.11,Not Detected
22/2/2026,17:40:06,Living Room,26.8,80.2,90.16,Not Detected
22/2/2026,17:40:05,Bedroom,26.7,80,90.21,Not Detected
22/2/2026,17:38:59,Living Room,26.8,80.1,90.18,Not Detected
22/2/2026,17:38:58,Bedroom,26.7,79.8,90.13,Not Detected
22/2/2026,17:38:01,Living Room,26.8,79.9,89.82,Not Detected
22/2/2026,17:37:59,Bedroom,26.7,79.6,89.96,Not Detected
22/2/2026,17:37:03,Living Room,26.8,79.7,89.74,Not Detected
22/2/2026,17:37:02,Bedroom,26.7,79.3,89.87,Not Detected
22/2/2026,17:34:57,Living Room,26.8,79.2,89.74,Detected
22/2/2026,17:34:55,Bedroom,26.7,78.8,89.77,Detected
22/2/2026,17:34:01,Living Room,26.8,78.9,89.77,Not Detected
22/2/2026,17:34:00,Bedroom,26.7,78.5,89.77,Not Detected
22/2/2026,17:33:01,Bedroom,26.7,78.4,89.82,Not Detected
22/2/2026,17:32:53,Living Room,26.8,79,89.74,Not Detected
22/2/2026,17:31:01,Living Room,26.8,79,90.16,Not Detected
22/2/2026,17:31:00,Bedroom,26.7,78.4,90.21,Not Detected
22/2/2026,17:30:05,Living Room,26.8,79,89.72,Not Detected
22/2/2026,17:30:04,Bedroom,26.7,78.3,89.79,Not Detected
22/2/2026,17:28:58,Living Room,26.8,78.9,89.82,Not Detected
22/2/2026,17:28:57,Bedroom,26.7,78.3,89.82,Not Detected
22/2/2026,17:28:02,Living Room,26.8,78.9,89.72,Not Detected
22/2/2026,17:28:01,Bedroom,26.7,78.3,89.79,Not Detected
22/2/2026,17:26:00,Living Room,26.8,78.9,89.77,Not Detected
22/2/2026,17:25:59,Bedroom,26.7,78.3,89.77,Not Detected
22/2/2026,17:24:03,Living Room,26.8,78.8,89.72,Not Detected
22/2/2026,17:24:02,Bedroom,26.7,78.2,89.72,Not Detected
22/2/2026,17:22:00,Living Room,26.8,78.8,89.74,Not Detected
22/2/2026,17:21:59,Bedroom,26.7,78.2,89.77,Not Detected
22/2/2026,17:20:54,Living Room,26.8,78.7,89.72,Not Detected
22/2/2026,17:20:53,Bedroom,26.7,78.1,89.79,Not Detected
22/2/2026,17:19:58,Living Room,26.8,78.7,89.77,Not Detected
22/2/2026,17:19:57,Bedroom,26.7,78.1,89.79,Not Detected
22/2/2026,17:19:01,Living Room,26.8,78.7,89.69,Not Detected
22/2/2026,17:19:00,Bedroom,26.7,78,89.74,Not Detected
22/2/2026,17:17:55,Living Room,26.8,78.6,89.79,Not Detected
22/2/2026,17:17:54,Bedroom,26.7,78,89.69,Not Detected
22/2/2026,17:16:00,Living Room,26.8,78.6,89.67,Not Detected
22/2/2026,17:15:58,Bedroom,26.7,78,89.74,Not Detected
22/2/2026,17:15:04,Living Room,26.8,78.7,89.82,Not Detected
22/2/2026,17:15:03,Bedroom,26.7,77.9,89.72,Not Detected
22/2/2026,17:13:01,Bedroom,26.7,77.9,89.74,Not Detected
22/2/2026,17:12:53,Living Room,26.7,78.6,89.67,Not Detected
22/2/2026,17:11:56,Living Room,26.7,78.5,89.67,Not Detected
22/2/2026,17:11:55,Bedroom,26.7,77.9,89.77,Not Detected
22/2/2026,17:11:00,Living Room,26.8,78.5,89.67,Not Detected
22/2/2026,17:10:59,Bedroom,26.7,77.9,89.79,Not Detected
22/2/2026,17:10:04,Living Room,26.7,78.5,89.69,Not Detected
22/2/2026,17:10:03,Bedroom,26.7,77.8,89.69,Not Detected
22/2/2026,17:08:02,Living Room,26.7,78.4,89.74,Not Detected
22/2/2026,17:08:01,Bedroom,26.7,77.7,89.74,Not Detected
22/2/2026,17:06:01,Living Room,26.7,78.3,89.72,Not Detected
22/2/2026,17:05:59,Bedroom,26.7,77.6,89.74,Not Detected
22/2/2026,17:05:05,Living Room,26.7,78.2,89.69,Not Detected
22/2/2026,17:05:04,Bedroom,26.7,77.5,89.77,Not Detected
22/2/2026,17:03:01,Bedroom,26.8,77.5,89.79,Not Detected
22/2/2026,17:02:53,Living Room,26.7,78.2,89.74,Not Detected
22/2/2026,17:01:57,Living Room,26.7,78.2,89.67,Not Detected
22/2/2026,17:01:56,Bedroom,26.8,77.4,89.74,Not Detected
22/2/2026,17:01:01,Living Room,26.7,78.2,89.82,Not Detected
22/2/2026,17:01:00,Bedroom,26.8,77.4,89.79,Not Detected
22/2/2026,16:58:58,Living Room,26.7,78.1,89.72,Not Detected
22/2/2026,16:58:56,Bedroom,26.8,77.3,89.79,Not Detected
22/2/2026,16:58:02,Living Room,26.7,78.1,89.67,Not Detected
22/2/2026,16:58:00,Bedroom,26.8,77.2,89.74,Not Detected
22/2/2026,16:56:56,Living Room,26.7,78,89.72,Not Detected
22/2/2026,16:56:55,Bedroom,26.8,77.1,89.77,Not Detected
22/2/2026,16:56:01,Living Room,26.7,77.9,90.77,Not Detected
22/2/2026,16:55:59,Bedroom,26.8,77,0,Not Detected
22/2/2026,16:55:04,Bedroom,26.8,77,0,Not Detected
22/2/2026,16:54:56,Living Room,26.8,77.9,90.74,Not Detected
22/2/2026,16:54:00,Living Room,26.8,77.8,90.67,Not Detected
22/2/2026,16:53:59,Bedroom,26.8,76.8,0,Not Detected
22/2/2026,16:52:55,Living Room,26.8,77.8,90.7,Not Detected
22/2/2026,16:52:53,Bedroom,26.9,76.7,0,Not Detected
22/2/2026,16:51:59,Living Room,26.8,77.7,90.7,Not Detected
22/2/2026,16:51:57,Bedroom,26.9,76.5,0,Not Detected
22/2/2026,16:51:02,Bedroom,26.9,76.3,0,Not Detected
22/2/2026,16:50:54,Living Room,26.8,77.5,90.67,Not Detected
22/2/2026,16:50:06,Bedroom,27,76,0,Not Detected
22/2/2026,16:49:58,Living Room,26.8,77.3,90.89,Not Detected
22/2/2026,16:49:03,Living Room,26.9,77.2,90.94,Not Detected
22/2/2026,16:49:02,Bedroom,27.1,75.8,0,Not Detected
22/2/2026,16:47:02,Living Room,26.9,77.2,90.94,Not Detected
22/2/2026,16:47:01,Bedroom,27.1,75.7,0,Not Detected
22/2/2026,16:44:03,Living Room,26.8,77.2,90.94,Not Detected
22/2/2026,16:44:02,Bedroom,27.1,75.8,0,Not Detected
22/2/2026,16:42:56,Living Room,26.8,77.2,90.84,Not Detected
22/2/2026,16:42:54,Bedroom,27,75.8,0,Not Detected
22/2/2026,16:41:01,Living Room,26.8,77.2,90.87,Not Detected
22/2/2026,16:41:00,Bedroom,26.8,76.1,0,Not Detected
22/2/2026,16:40:06,Living Room,26.7,77,90.87,Not Detected
22/2/2026,16:40:04,Bedroom,26.8,76,0,Not Detected
22/2/2026,16:39:00,Living Room,26.7,77.1,90.89,Not Detected
22/2/2026,16:38:59,Bedroom,26.8,75.9,0,Not Detected
22/2/2026,16:37:55,Living Room,26.7,77.1,90.84,Not Detected
22/2/2026,16:37:54,Bedroom,26.8,75.9,0,Not Detected
22/2/2026,16:37:00,Living Room,26.7,77,90.74,Not Detected
22/2/2026,16:36:58,Bedroom,26.8,75.8,0,Not Detected
22/2/2026,16:36:03,Bedroom,26.8,75.8,0,Not Detected
22/2/2026,16:35:55,Living Room,26.7,76.9,2,Not Detected
22/2/2026,16:35:04,Living Room,26.8,76.9,1.95,Not Detected
22/2/2026,16:35:02,Bedroom,26.8,75.7,0,Not Detected
22/2/2026,16:33:00,Living Room,26.7,76.9,2.17,Not Detected
22/2/2026,16:32:58,Bedroom,26.8,75.7,0,Not Detected
22/2/2026,16:32:02,Bedroom,26.8,75.6,0,Not Detected
22/2/2026,16:31:54,Living Room,26.7,76.7,2.08,Not Detected
22/2/2026,16:30:56,Living Room,26.7,76.7,2.27,Not Detected
22/2/2026,16:30:55,Bedroom,26.8,75.4,0,Not Detected
22/2/2026,16:30:10,Living Room,26.7,76.6,2.3,Not Detected
22/2/2026,16:30:09,Bedroom,26.8,75.3,0,Not Detected
22/2/2026,16:29:02,Bedroom,26.9,75.2,0,Not Detected
22/2/2026,16:28:54,Living Room,26.7,76.5,2.2,Not Detected
22/2/2026,16:27:58,Living Room,26.7,76.4,2.2,Not Detected
22/2/2026,16:27:57,Bedroom,26.9,74.9,0,Not Detected
22/2/2026,16:27:02,Bedroom,27,74.7,0,Not Detected
22/2/2026,16:26:54,Living Room,26.7,76.4,1.95,Not Detected
22/2/2026,16:25:58,Living Room,26.7,76.5,2.15,Not Detected
22/2/2026,16:25:57,Bedroom,27.1,74.3,0,Not Detected
22/2/2026,16:24:57,Living Room,26.7,76.5,2.15,Not Detected
22/2/2026,16:24:56,Bedroom,27.1,74.4,0,Not Detected
22/2/2026,16:24:01,Living Room,26.7,76.5,1.98,Not Detected
22/2/2026,16:24:00,Bedroom,27.1,74.2,0,Not Detected
22/2/2026,16:22:55,Living Room,26.7,76.4,1.93,Not Detected
22/2/2026,16:22:54,Bedroom,27.1,74.1,0,Not Detected
22/2/2026,16:21:54,Living Room,26.7,76.3,1.98,Not Detected
22/2/2026,16:21:52,Bedroom,27.2,73.7,0,Not Detected
22/2/2026,16:20:54,Living Room,26.7,76.3,2.37,Not Detected
22/2/2026,16:20:53,Bedroom,27.3,73.4,0,Not Detected
22/2/2026,16:20:06,Bedroom,27.3,73.5,0,Not Detected
22/2/2026,16:19:58,Living Room,26.7,76.2,2,Detected
22/2/2026,16:18:59,Living Room,26.7,76.2,2,Not Detected
22/2/2026,16:18:58,Bedroom,27.3,73.5,0,Not Detected
22/2/2026,16:18:02,Bedroom,27.3,73.4,0,Not Detected
22/2/2026,16:17:53,Living Room,26.7,76.2,1.9,Detected
22/2/2026,16:17:01,Living Room,26.7,76.1,1.9,Not Detected
22/2/2026,16:17:00,Bedroom,27.2,73.5,0,Not Detected
22/2/2026,16:15:56,Living Room,26.7,76.1,1.9,Not Detected
22/2/2026,16:15:54,Bedroom,27.2,73.6,0,Not Detected
22/2/2026,16:15:06,Bedroom,27.2,73.7,0,Not Detected
22/2/2026,16:14:58,Living Room,26.7,76,1.98,Not Detected
22/2/2026,16:13:58,Living Room,26.7,75.9,2.22,Not Detected
22/2/2026,16:13:57,Bedroom,27.1,73.6,0,Not Detected
22/2/2026,16:12:54,Living Room,26.7,75.8,1.93,Not Detected
22/2/2026,16:12:53,Bedroom,27.1,73.7,0,Not Detected
22/2/2026,16:11:55,Living Room,26.6,75.9,2.15,Not Detected
22/2/2026,16:11:54,Bedroom,27.1,73.8,0,Not Detected
22/2/2026,16:10:59,Living Room,26.7,75.8,2.17,Not Detected
22/2/2026,16:10:58,Bedroom,27,73.9,0,Not Detected
22/2/2026,16:10:06,Bedroom,27,73.8,0,Not Detected
22/2/2026,16:09:58,Living Room,26.6,75.8,2.3,Not Detected
22/2/2026,16:09:01,Bedroom,27,73.9,0,Not Detected
22/2/2026,16:08:53,Living Room,26.6,75.9,2.1,Not Detected
22/2/2026,16:07:01,Bedroom,26.9,74.1,0,Not Detected
22/2/2026,16:06:52,Living Room,26.6,75.9,2.15,Not Detected
22/2/2026,16:05:57,Living Room,26.6,75.8,2.15,Not Detected
22/2/2026,16:05:56,Bedroom,26.9,74.1,0,Not Detected
22/2/2026,16:05:03,Bedroom,26.9,74.2,0,Not Detected
22/2/2026,16:04:54,Living Room,26.6,75.8,2.1,Not Detected
22/2/2026,16:03:57,Living Room,26.6,75.7,2.08,Not Detected
22/2/2026,16:03:56,Bedroom,26.9,74.1,0,Not Detected
22/2/2026,16:03:02,Living Room,26.6,75.7,1.95,Not Detected
22/2/2026,16:03:00,Bedroom,26.9,74,0,Not Detected
22/2/2026,16:02:00,Living Room,26.7,75.6,2.03,Not Detected
22/2/2026,16:01:58,Bedroom,26.9,73.9,0,Not Detected
22/2/2026,16:01:02,Bedroom,26.9,73.9,0,Not Detected
22/2/2026,16:00:53,Living Room,26.6,75.6,2.2,Not Detected
22/2/2026,16:00:08,Living Room,26.6,75.6,1.93,Not Detected
22/2/2026,16:00:06,Bedroom,26.9,74.3,0,Not Detected
22/2/2026,15:59:01,Bedroom,26.8,73.9,0,Not Detected
22/2/2026,15:58:53,Living Room,26.7,75.4,2.17,Not Detected
22/2/2026,15:58:01,Living Room,26.7,75.3,1.95,Not Detected
22/2/2026,15:58:00,Bedroom,26.9,74.1,0,Not Detected
22/2/2026,15:57:00,Living Room,26.7,75.2,2.2,Not Detected
22/2/2026,15:56:59,Bedroom,26.8,74,0,Not Detected
22/2/2026,15:56:03,Bedroom,26.9,74,0,Not Detected
22/2/2026,15:55:55,Living Room,26.7,75.2,1.9,Not Detected
22/2/2026,15:54:58,Living Room,26.8,75,91.75,Detected
22/2/2026,15:54:56,Bedroom,26.8,74.3,0,Detected
22/2/2026,15:53:59,Living Room,26.7,75.1,91.75,Not Detected
22/2/2026,15:53:58,Bedroom,26.8,74.3,0,Not Detected
22/2/2026,15:52:54,Living Room,26.7,75.1,90.62,Not Detected
22/2/2026,15:52:53,Bedroom,26.7,74.6,90.74,Not Detected
22/2/2026,15:51:01,Bedroom,26.5,74.9,90.67,Not Detected
22/2/2026,15:50:51,Living Room,26.7,75.1,90.65,Not Detected
22/2/2026,15:48:01,Living Room,26.6,75.1,90.62,Not Detected
22/2/2026,15:48:00,Bedroom,26.5,74.9,90.72,Not Detected
22/2/2026,15:46:56,Living Room,26.6,75.1,90.62,Not Detected
22/2/2026,15:46:54,Bedroom,26.5,74.8,90.65,Not Detected
22/2/2026,15:46:00,Living Room,26.6,75.1,90.62,Not Detected
22/2/2026,15:45:59,Bedroom,26.4,74.8,90.7,Not Detected
22/2/2026,15:45:04,Living Room,26.6,75.2,90.62,Not Detected
22/2/2026,15:45:03,Bedroom,26.4,75,90.74,Not Detected
22/2/2026,15:43:59,Living Room,26.6,75,90.65,Not Detected
22/2/2026,15:43:58,Bedroom,26.4,74.9,90.72,Not Detected
22/2/2026,15:42:54,Living Room,26.6,75,90.62,Not Detected
22/2/2026,15:42:53,Bedroom,26.5,74.7,90.7,Not Detected
22/2/2026,15:40:54,Living Room,26.6,75.2,90.62,Not Detected
22/2/2026,15:40:53,Bedroom,26.5,74.8,90.7,Not Detected
22/2/2026,15:40:06,Bedroom,26.5,74.9,90.72,Detected
22/2/2026,15:39:58,Living Room,26.6,75.3,90.55,Detected
22/2/2026,15:39:01,Bedroom,26.5,75.2,0,Not Detected
22/2/2026,15:38:53,Living Room,26.6,75.5,91.65,Not Detected
22/2/2026,15:37:02,Living Room,26.6,75.7,90.62,Not Detected
22/2/2026,15:37:01,Bedroom,26.5,75.4,90.62,Not Detected
22/2/2026,15:35:02,Living Room,26.6,75.6,90.55,Not Detected
22/2/2026,15:35:00,Bedroom,26.4,75.3,90.62,Not Detected
22/2/2026,15:34:00,Living Room,26.6,75.4,90.23,Detected
22/2/2026,15:33:58,Bedroom,26.4,75.2,90.38,Detected
22/2/2026,15:32:54,Living Room,26.5,75.4,90.23,Detected
22/2/2026,15:32:53,Bedroom,26.4,75.3,90.33,Detected
22/2/2026,15:31:56,Living Room,26.5,75.6,91.28,Not Detected
22/2/2026,15:31:55,Bedroom,26.4,75.4,0,Not Detected
22/2/2026,15:31:00,Living Room,26.5,75.8,91.31,Not Detected
22/2/2026,15:30:59,Bedroom,26.4,75.7,0,Not Detected
22/2/2026,15:30:12,Living Room,26.5,75.8,91.33,Not Detected
22/2/2026,15:30:11,Bedroom,26.3,75.7,0,Not Detected
22/2/2026,15:28:56,Living Room,26.5,75.7,91.31,Not Detected
22/2/2026,15:28:54,Bedroom,26.4,75.6,0,Not Detected
22/2/2026,15:28:01,Living Room,26.5,75.7,91.18,Not Detected
22/2/2026,15:27:59,Bedroom,26.4,75.6,0,Not Detected
22/2/2026,15:26:56,Living Room,26.5,75.7,91.26,Not Detected
22/2/2026,15:26:55,Bedroom,26.4,75.6,0,Not Detected
22/2/2026,15:26:00,Living Room,26.6,75.8,91.33,Not Detected
22/2/2026,15:25:59,Bedroom,26.4,75.7,0,Not Detected
22/2/2026,15:25:04,Bedroom,26.4,75.7,0,Not Detected
22/2/2026,15:24:56,Living Room,26.5,75.8,91.28,Not Detected
22/2/2026,15:24:00,Living Room,26.6,75.8,91.26,Not Detected
22/2/2026,15:23:59,Bedroom,26.4,75.7,0,Not Detected
22/2/2026,15:22:55,Living Room,26.6,75.8,91.26,Not Detected
22/2/2026,15:22:54,Bedroom,26.4,75.7,0,Not Detected
22/2/2026,15:21:59,Living Room,26.5,75.8,91.23,Not Detected
22/2/2026,15:21:58,Bedroom,26.4,75.6,0,Not Detected
22/2/2026,15:21:02,Bedroom,26.4,75.7,0,Not Detected
22/2/2026,15:20:53,Living Room,26.6,75.8,91.18,Not Detected
22/2/2026,15:20:06,Living Room,26.6,75.8,91.26,Not Detected
22/2/2026,15:20:05,Bedroom,26.4,75.7,0,Not Detected
22/2/2026,15:19:02,Living Room,26.6,75.9,91.16,Not Detected
22/2/2026,15:19:00,Bedroom,26.4,75.7,0,Not Detected
22/2/2026,15:17:56,Living Room,26.6,76,91.16,Not Detected
22/2/2026,15:17:54,Bedroom,26.4,75.8,0,Not Detected
22/2/2026,15:16:01,Living Room,26.6,76,91.23,Not Detected
22/2/2026,15:16:00,Bedroom,26.4,75.9,0,Not Detected
22/2/2026,15:15:06,Living Room,26.6,76.1,91.23,Not Detected
22/2/2026,15:15:04,Bedroom,26.4,75.9,0,Not Detected
22/2/2026,15:13:59,Living Room,26.6,76,91.16,Not Detected
22/2/2026,15:13:57,Bedroom,26.4,75.9,0,Not Detected
22/2/2026,15:13:01,Bedroom,26.4,75.9,0,Not Detected
22/2/2026,15:12:53,Living Room,26.6,76,91.11,Not Detected
22/2/2026,15:11:02,Living Room,26.6,76.1,91.04,Not Detected
22/2/2026,15:11:00,Bedroom,26.4,75.9,0,Not Detected
22/2/2026,15:10:06,Living Room,26.6,76.1,91.04,Not Detected
22/2/2026,15:10:05,Bedroom,26.4,75.9,0,Not Detected
22/2/2026,15:08:58,Living Room,26.6,76.1,91.01,Not Detected
22/2/2026,15:08:57,Bedroom,26.4,76,0,Not Detected
22/2/2026,15:08:02,Living Room,26.6,76.1,91.01,Not Detected
22/2/2026,15:08:01,Bedroom,26.4,76,0,Not Detected
22/2/2026,15:06:02,Living Room,26.6,76.1,90.99,Not Detected
22/2/2026,15:06:00,Bedroom,26.5,76,0,Not Detected
22/2/2026,15:05:04,Bedroom,26.5,76,0,Not Detected
22/2/2026,15:04:56,Living Room,26.7,76.2,91.01,Not Detected
22/2/2026,15:04:00,Living Room,26.7,76.2,90.96,Not Detected
22/2/2026,15:03:59,Bedroom,26.5,76,0,Not Detected
22/2/2026,15:02:54,Living Room,26.7,76.2,90.94,Not Detected
22/2/2026,15:02:53,Bedroom,26.5,76,0,Not Detected
22/2/2026,15:01:58,Living Room,26.6,76.2,91.01,Not Detected
22/2/2026,15:01:57,Bedroom,26.5,76.1,0,Not Detected
22/2/2026,15:01:01,Bedroom,26.5,76,0,Not Detected
22/2/2026,15:00:53,Living Room,26.7,76.2,90.94,Not Detected
22/2/2026,15:00:07,Living Room,26.7,76.2,90.96,Not Detected
22/2/2026,15:00:06,Bedroom,26.5,76.1,0,Not Detected
22/2/2026,14:59:01,Bedroom,26.5,76,0,Not Detected
22/2/2026,14:58:53,Living Room,26.7,76.1,90.96,Not Detected
22/2/2026,14:57:01,Living Room,26.7,76.1,90.96,Not Detected
22/2/2026,14:57:00,Bedroom,26.5,75.8,0,Not Detected
22/2/2026,14:55:56,Living Room,26.7,76,90.99,Not Detected
22/2/2026,14:55:55,Bedroom,26.5,75.8,0,Not Detected
22/2/2026,14:55:01,Living Room,26.7,76,90.87,Not Detected
22/2/2026,14:54:59,Bedroom,26.6,75.7,0,Not Detected
22/2/2026,14:53:55,Living Room,26.7,76,90.89,Not Detected
22/2/2026,14:53:54,Bedroom,26.6,75.7,0,Not Detected
22/2/2026,14:52:58,Living Room,26.7,76,90.99,Not Detected
22/2/2026,14:52:57,Bedroom,26.6,75.7,0,Not Detected
22/2/2026,14:52:02,Living Room,26.7,75.9,90.94,Detected
22/2/2026,14:52:01,Bedroom,26.6,75.8,0,Detected
22/2/2026,14:51:02,Bedroom,26.6,75.7,0,Not Detected
22/2/2026,14:50:53,Living Room,26.7,76.1,91.01,Not Detected
22/2/2026,14:50:06,Bedroom,26.6,75.9,0,Not Detected
22/2/2026,14:49:55,Living Room,26.7,76.1,90.99,Not Detected
22/2/2026,14:48:59,Living Room,26.7,76,90.84,Not Detected
22/2/2026,14:48:58,Bedroom,26.6,75.8,0,Not Detected
22/2/2026,14:48:02,Living Room,26.7,76,90.94,Not Detected
22/2/2026,14:48:01,Bedroom,26.6,75.7,0,Not Detected
22/2/2026,14:46:00,Living Room,26.7,75.9,90.89,Not Detected
22/2/2026,14:45:59,Bedroom,26.6,75.5,0,Not Detected
22/2/2026,14:45:04,Living Room,26.7,75.8,90.89,Not Detected
22/2/2026,14:45:03,Bedroom,26.6,75.4,0,Not Detected
22/2/2026,14:43:01,Bedroom,26.7,75,0,Not Detected
22/2/2026,14:42:52,Living Room,26.7,75.5,90.87,Not Detected
22/2/2026,14:41:56,Living Room,26.8,75.4,90.87,Not Detected
22/2/2026,14:41:55,Bedroom,26.7,74.8,0,Not Detected
22/2/2026,14:41:00,Living Room,26.7,75.4,90.89,Not Detected
22/2/2026,14:40:59,Bedroom,26.7,74.8,0,Not Detected
22/2/2026,14:40:04,Living Room,26.8,75.2,2.22,Not Detected
22/2/2026,14:40:02,Bedroom,26.8,74.4,0,Not Detected
22/2/2026,14:38:56,Living Room,26.8,75.1,1.9,Not Detected
22/2/2026,14:38:54,Bedroom,26.8,74.1,0,Not Detected
22/2/2026,14:37:02,Living Room,26.8,75.3,2,Not Detected
22/2/2026,14:37:00,Bedroom,26.9,74.3,0,Not Detected
22/2/2026,14:35:53,Living Room,26.8,75.3,1.93,Not Detected
22/2/2026,14:35:52,Bedroom,26.9,74,0,Not Detected
22/2/2026,14:34:58,Living Room,26.8,75.4,2.25,Not Detected
22/2/2026,14:34:57,Bedroom,26.9,74.1,0,Not Detected
22/2/2026,14:34:02,Living Room,26.8,75.4,2.2,Not Detected
22/2/2026,14:34:01,Bedroom,26.9,74.3,0,Not Detected
22/2/2026,14:32:58,Living Room,26.8,75.4,2.17,Not Detected
22/2/2026,14:32:56,Bedroom,26.9,74.3,0,Not Detected
22/2/2026,14:32:02,Living Room,26.8,75.4,2.44,Not Detected
22/2/2026,14:32:01,Bedroom,26.9,74.2,0,Not Detected
22/2/2026,14:30:11,Living Room,26.8,75.3,2.17,Not Detected
22/2/2026,14:30:10,Bedroom,26.9,74.1,0,Not Detected
22/2/2026,14:28:01,Living Room,26.8,75.4,2.39,Not Detected
22/2/2026,14:28:00,Bedroom,27,73.9,0,Not Detected
22/2/2026,14:26:01,Living Room,26.9,75.3,2.08,Not Detected
22/2/2026,14:26:00,Bedroom,27,73.7,0,Not Detected
22/2/2026,14:25:04,Bedroom,27,73.6,0,Not Detected
22/2/2026,14:24:56,Living Room,26.9,75.2,2.1,Not Detected
22/2/2026,14:24:01,Living Room,26.8,75.2,2.15,Not Detected
22/2/2026,14:24:00,Bedroom,27,73.4,0,Not Detected
22/2/2026,14:22:56,Living Room,26.8,75.2,89.28,Detected
22/2/2026,14:22:54,Bedroom,27.2,73.1,89.4,Detected
22/2/2026,14:21:59,Living Room,26.8,75.1,89.13,Not Detected
22/2/2026,14:21:58,Bedroom,27.3,72.8,89.38,Not Detected
22/2/2026,14:20:25,Living Room,26.8,75.1,83.54,Not Detected
22/2/2026,14:20:24,Bedroom,27.3,72.7,83.54,Not Detected
22/2/2026,14:20:07,Living Room,26.8,75.2,85.15,Detected
22/2/2026,14:20:05,Bedroom,27.3,72.7,85.18,Detected
22/2/2026,14:18:59,Living Room,26.8,75.2,85.93,Detected
22/2/2026,14:18:58,Bedroom,27.2,72.7,85.93,Detected
22/2/2026,14:17:55,Living Room,26.8,75.3,85.91,Detected
22/2/2026,14:17:54,Bedroom,27.3,72.3,85.96,Detected
22/2/2026,14:17:00,Living Room,26.8,76.4,85.89,Not Detected
22/2/2026,14:16:58,Bedroom,27.7,72.4,85.93,Not Detected